# Scores quantile-normalised per word length across clues-0*.tsv (writers calibrated differently); originals kept in git history/scratch.
FUME	50	Seethe	Be livid	Noxious vapor
FUND	70	Rainy day ___	Bankroll	College savings account
FUNK	70	Blue mood	James Brown's genre	In a ___ (feeling down)
FURL	40	Roll up, as a sail	Fold, as a flag
FURS	48	Minks and sables	Fancy winter wraps
FURY	65	Rage	Wrath	"Hell hath no ___ ..."
FUSE	60	Blow a ___ (get angry)	Melt together	Firecracker part
FUSS	65	Commotion	To-do	Make a ___ over (dote on)
FUTZ	35	Tinker aimlessly, with "around"	Fiddle (with)
FUZZ	60	Peach covering	Lint	Static on the radio
GABS	45	Chatters	Yaks
GADS	35	Wanders (about)	Gallivants
GAFF	30	Hooked pole for landing fish	Sailboat spar
GAGS	50	Jokes	Running jokes	Practical jokes
GAIN	70	Profit	Put on, as weight	No pain, no ___
GAIT	58	Walking style	Trot or canter
GALA	72	Fancy party	Black-tie event	Apple variety
GALE	60	Strong wind	Howling wind
GALL	50	Nerve	Chutzpah	Irk
GALS	45	Ladies, informally	Pals of the guys
GAME	72	Board ___	Up for anything	Monopoly or Clue
GAMY	30	Like venison's flavor	Tasting of wild meat
GANG	58	Bunch of pals	"The whole ___'s here!"
GAPE	48	Stare open-mouthed	Gawk
GAPS	48	Openings	Holes in the story
GARB	48	Attire	Clothing
GASH	35	Deep cut	Slash
GASP	60	Sharp intake of breath	Sound of shock	Last ___
GATE	72	Airport boarding area	Fence opening	Garden ___
GAVE	52	Donated	Handed over
GAWK	50	Rubberneck	Stare stupidly
GAYS	0
GAZE	60	Look intently	Stare dreamily
GEAR	70	Equipment	Shift into high ___	Bike part
GEED	15	Urged (up), as a horse	Turned right, to a teamster
GEEK	70	Tech whiz	Nerd	Computer ___
GEES	25	Thousands, slangily	Grand amounts, in slang
GELD	12	Neuter, as a stallion	Castrate, as livestock
GELS	45	Comes together	Hair products	Jells
GEMS	60	Jewels	Rubies and emeralds	Hidden ___
GENE	65	DNA unit	Heredity factor	Kelly of "Singin' in the Rain"
GENT	50	Polite fellow	Dapper chap
GERM	58	Microbe	Seed of an idea	Wheat ___
GETS	50	Understands	Obtains	Receives
GIBE	40	Taunt	Jeer
GIFT	72	Present	Talent	___ card
GIGS	58	Band bookings	Side jobs	Musicians' jobs
GILD	45	Cover with gold	___ the lily
GILL	40	Fish's breathing organ	Quarter of a pint
GILT	40	Gold-covered	Like fancy picture frames
GINS	30	Cotton-processing machines	Martini bases
GIRD	35	Prepare (oneself) for battle	Encircle
GIRL	65	Daughter	Lass	"Atta ___!"
GIRT	12	Encircled, old-style	Belted, archaically
GIST	60	Main idea	Essence	Get the ___
GIVE	60	Donate	Hand over	Elasticity
GLAD	60	Happy	Pleased	"___ you could make it"
GLEE	70	Joy	Delight	___ club
GLEN	50	Valley	Scottish valley
GLIB	48	Slick-tongued	Superficially fluent
GLOB	50	Blob	Dollop
GLOP	40	Sloppy goo	Unappetizing mush
GLOW	70	Shine	Radiance	___ stick
GLUE	65	Adhesive	Craft-store staple	Stick-together stuff
GLUM	52	Gloomy	Down in the dumps
GLUT	45	Oversupply	Surplus
GNAT	50	Tiny biting fly	Small pest
GNAW	50	Chew on	Nibble persistently
GNUS	40	Wildebeests	African antelopes
GOAD	45	Prod	Egg on
GOAL	72	Objective	Soccer score	Aim
GOAT	72	Billy or nanny	Greatest of all time, in slang	Kid's parent
GOBS	42	Lots and lots	Oodles
GODS	52	Mount Olympus residents	Zeus and Apollo
GOES	50	Leaves	Departs	Attempts
GOLD	72	Olympic prize	Au, on the periodic table	Pot of ___
GOLF	72	Tiger Woods's sport	Game with tees and greens
GONE	58	Departed	Away	"___ with the Wind"
GONG	52	Percussion disc	Sound that ends a round
GOOD	60	Fine	Well-behaved	"___ job!"
GOOF	60	Blunder	Silly person	Mess up
GOOK	0
GOON	40	Thug	Hired muscle
GOOP	45	Sticky stuff	Gunk
GORE	25	Pierce with a horn	Pierce, as a bull might
GORY	30	Bloody	Grisly
GOSH	60	"Golly!"	"Gee whiz!"
GOUT	30	Joint ailment	Painful foot inflammation
GOWN	65	Prom dress	Graduation garb
GRAB	60	Snatch	Seize
GRAD	52	Diploma holder	Commencement honoree, for short
GRAM	50	Metric weight unit	Paper clip's weight, roughly
GRAY	60	Silver-haired	Overcast	Ash or slate
GREW	50	Sprouted	Got bigger
GRID	65	Crossword layout	Power network	Football field
GRIM	50	Bleak	Stern-faced
GRIN	65	Big smile	Beam
GRIP	60	Hold	Handle	"Get a ___!"
GRIT	60	Determination	Sand particles	True ___
GROG	35	Sailor's rum drink	Old navy drink
GROW	60	Sprout	Get bigger
GRUB	50	Chow	Larva	Food, slangily
GUFF	35	Back talk	Nonsense
GULF	58	Persian ___	Wide gap
GULL	52	Seabird	Dupe
GULP	58	Swallow nervously	Big swig
GUMS	48	Dentist's concern	Chews toothlessly
GUNK	48	Grime	Gooey residue
GUNS	25	Biceps, slangily	Revs, as an engine
GURU	70	Spiritual teacher	Expert	Self-help ___
GUSH	50	Spurt	Rave
GUST	52	Sudden wind	Blast of air
GUTS	48	Courage	Nerve	Innards
GUYS	50	Fellows	"Hey, ___!"	Dudes
GYMS	50	Workout places	Fitness centers
GYPS	0
GYRO	70	Greek sandwich	Pita wrap
HACK	52	Chop	Cab driver	Life ___ (handy trick)
HAFT	20	Knife handle	Ax handle
HAGS	20	Crones	Fairy-tale witches
HAIL	52	Ice pellets	Flag down, as a cab	___ Mary
HAIR	65	Mane	Locks	Bad ___ day
HAKE	30	Cod relative	Edible ocean fish
HALE	40	Healthy	___ and hearty
HALF	60	Fifty percent	Game period, in football
HALL	60	Corridor	Concert venue	Entry passageway
HALO	70	Angel's ring	Glowing ring
HALT	58	Stop	"Freeze!"
HAMS	48	Overactors	Easter entrees	Radio operators
HAND	70	Help	Applause	Poker deal
HANG	52	Spend time, informally	Dangle	Get the ___ of
HANK	35	Coil of yarn	Skein
HARD	58	Difficult	Firm	Tough
HARE	52	Tortoise's rival	Bunny relative
HARK	35	"Listen!"	"___! The Herald Angels Sing"
HARM	50	Hurt	Damage
HARP	60	Angel's instrument	Nag (on)
HART	20	Male deer	Stag
HASH	58	Corned beef ___	Pound sign	Make a ___ of (botch)
HASP	25	Door latch	Padlock fitting
HATE	40	Despise	Loathe
HATH	35	Has, biblically	Owns, in Shakespeare's day
HATS	60	Caps and berets	Fedoras	Toppers
HAUL	52	Lug	Catch	Big take
HAVE	50	Own	Possess
HAWK	60	Bird of prey	Peddle	War advocate
HAWS	25	Hems and ___	Hesitant sounds
HAYS	25	Dried grasses for livestock	Barn fodders
HAZE	52	Mist	Smog	Fog
HAZY	50	Foggy	Vague	Unclear
HEAD	70	Noggin	Lead	Bathroom on a ship
HEAL	58	Mend	Get better
HEAP	52	Pile	Clunker of a car
HEAR	52	Listen	Catch, as a sound
HEAT	65	Warmth	Miami NBA team	Qualifying race
HECK	58	"Darn it!"	"What the ___?"
HEED	45	Pay attention to	Mind
HEEL	52	Shoe part	Command to a dog	Cad
HEFT	45	Weight	Lift to test the weight of
HEIR	52	Inheritor	Prince, e.g.
HELD	50	Gripped	Kept	Detained
HELL	0
HELM	50	Ship's wheel	Position of leadership
HELP	65	Assist	"SOS!"	Aid
HEMP	35	Rope fiber	Canvas fiber
HEMS	45	Skirt edges	Shortens, as pants
HENS	50	Egg layers	Chicken coop residents
HERB	60	Basil or thyme	Parsley, e.g.
HERD	58	Cattle group	Drove	Round up
HERE	50	Present	"Over ___!"	In this place
HERO	72	Champion	Sub sandwich	Caped crusader, e.g.
HERS	45	His counterpart	"His and ___" towels
HEWS	35	Chops	Sticks (to), as a rule
HICK	20	Bumpkin	Rube
HIDE	58	Conceal	Pelt	Animal skin
HIED	20	Hurried, old-style	Hastened
HIES	15	Hurries, old-style	Hastens
HIGH	58	Lofty	Tall	Forecast figure
HIKE	70	Trek	Trail walk	Raise, as prices
HILL	60	Mound	Capitol ___
HILT	40	Sword handle	To the ___ (completely)
HIMS	0
HIND	40	Back	Rear	Female red deer
HINT	65	Clue	Suggestion	Tip
HIPS	50	Swaying body parts	Waist joints
HIRE	58	Employ	Take on	New staffer
HISS	50	Snake's sound	Boo
HITS	58	Chart-toppers	Smash successes	Strikes
HIVE	60	Bee home	Apiary fixture
HOAX	60	Fraud	Prank	Fake-out
HOBO	35	Drifter	Rail-riding vagabond
HOBS	20	Stove shelves	Fireplace shelves
HOCK	35	Pawn	Ham ___ (soup ingredient)
HODS	12	Brick carriers	Coal scuttles
HOED	35	Weeded	Tilled
HOES	20	Weeding tools	Garden tools
HOGS	45	Pigs	Monopolizes
HOLD	58	Grip	Keep	"Please ___"
HOLE	52	Pit	Golf target	Cavity
HOLY	52	Sacred	"___ cow!"
HOME	72	Where the heart is	Abode	___ run
HONE	48	Sharpen	Perfect
HONK	52	Car horn sound	Goose's call
HOOD	50	Parka part	Car part over the engine
HOOF	45	Horse's foot	Walk, informally
HOOK	58	Catchy part of a song	Captain of Neverland	Angler's need
HOOP	60	Basketball rim	Hula ___
HOOT	60	Owl's sound	Funny person	Laugh riot
HOPE	70	Optimism	Wish	Bob of comedy
HOPS	48	Bunny's moves	Beer ingredient	Jumps
HORN	60	Car's honker	Trumpet	Rhino feature
HOSE	50	Garden tube	Stockings	Spray down
HOST	60	Emcee	Party thrower	Throng
HOUR	58	Sixty minutes	Happy ___	Rush ___
HOVE	20	Came (into view)	Heaved, nautically
HOWL	60	Wolf's cry	Big laugh	Wail
HOWS	30	The whys and ___	Means
HUBS	45	Centers	Airline focal points	Wheel centers
HUED	25	Colored	Tinted
HUES	48	Colors	Shades	Tints
HUFF	45	Snit	Puff	In a ___
HUGE	60	Enormous	Gigantic
HUGS	70	Squeezes	Embraces	O's in XOXO
HULA	70	Hawaiian dance	___ hoop
HULK	50	Big green Marvel hero	Bulky guy	Mammoth
HULL	45	Ship's body	Strawberry part
HUMP	40	Camel feature	Speed bump
HUMS	45	Buzzes	Sings without words
HUNG	45	Dangled	Displayed, as art
HUNK	45	Chunk	Handsome guy
HUNT	58	Search	Scavenger ___
HURL	45	Throw	Fling
HURT	50	Injured	Pained
HUSH	52	Quiet	"Shh!"
HUSK	45	Corn covering	Shell
HUTS	45	Shacks	Shanties
HYMN	52	Church song	Choir selection
HYPE	60	Buzz	Promote	Ballyhoo
HYPO	25	Shot, for short	Syringe, informally
IAMB	30	Poetic foot	Da-DUM
IBEX	40	Mountain goat	Alpine goat
IBIS	35	Wading bird	Nile bird
ICED	52	Frosted, as a cake	Chilled	Like some tea
ICES	45	Frosts	Clinches, as a game	Italian ___
ICKY	52	Gross	Yucky
ICON	65	Desktop image	Legend	Idol
IDEA	70	Notion	Brainstorm	Thought
IDES	40	March 15, e.g.	Caesar's fateful day
IDLE	52	Inactive	Lazy	Unemployed
IDLY	35	Lazily	Without purpose
IDOL	60	Hero	Teen heartthrob	Graven image
IFFY	58	Uncertain	Dubious
ILKS	12	Kinds	Sorts
ILLS	35	Woes	Troubles
IMAM	35	Mosque leader	Muslim cleric
IMPS	42	Mischief-makers	Little devils
INCH	52	Ruler unit	Move slowly
INFO	50	Data, for short	Facts, casually
INKS	40	Signs	Pen fillers
INKY	35	Jet-black	Like squid defenses
INNS	50	B&Bs	Lodges
INTO	45	Fond of	Interested in
IONS	45	Charged particles	Atoms with charge
IOTA	45	Tiny amount	Greek letter
IRIS	52	Eye part	Spring flower
IRKS	45	Bugs	Annoys
IRON	65	Steel element	Golf club	Press
ISLE	50	Key	Atoll	Caribbean getaway
ISMS	35	Doctrines	Theories
ITCH	52	Urge	Mosquito bite result
ITEM	52	Couple	Entry on a list	Article
JABS	45	Quick punches	Pokes
JACK	58	Car-lifting device	Card below a queen
JADE	58	Green gem	Wear out
JAGS	30	Binges	Crying ___
JAIL	45	Lockup	Slammer
JAMB	30	Door frame part	Doorpost
JAMS	58	Preserves	Tunes	Traffic snarls
JAPE	12	Joke, old-style	Jest
JARS	48	Mason ___	Startles
JAWS	58	Shark film	Mouths
JAYS	45	Blue birds	Toronto team
JAZZ	79	Miles Davis's genre	New Orleans music	"All that ___"
JEEP	60	Off-road vehicle	Rugged ride
JEER	45	Boo	Taunt
JEEZ	58	"Gosh!"	"Wow!"
JELL	35	Set, as gelatin	Come together
JERK	35	Yank	Lout
JEST	48	Joke	Kid
JETS	50	Fast planes	New York NFL team
JIBE	35	Agree	Fit (with)
JIBS	25	Small sails	Foresails
JIGS	40	Irish dances	Lively dances
JILT	40	Dump	Leave at the altar
JINN	20	Genies	Lamp spirits
JINX	60	Hex	Curse
JIVE	45	Swing dance	Banter
JOBS	58	Positions	Careers	Tasks
JOCK	40	Athlete	Sports buff
JOGS	48	Runs leisurely	Nudges, as one's memory
JOHN	30	Restroom, informally	Washroom, slangily
JOIN	58	Unite	Sign up
JOKE	72	Gag	Jest	Knock-knock bit
JOLT	50	Shock	Jar
JOSH	42	Kid	Tease
JOTS	40	Writes quickly	Notes down
JOWL	30	Lower jaw	Cheek
JOYS	52	Delights	Pleasures
JUDO	60	Martial art	Black belt sport
JUGS	45	Pitchers	Milk containers
JUMP	65	Leap	Hop	Startle
JUNK	52	Trash	Chinese boat
JURY	58	Panel of twelve	Trial panel
JUST	45	Fair	Only	Merely
JUTE	30	Burlap fiber	Rope material
JUTS	35	Sticks out	Protrudes
KALE	70	Leafy green	Smoothie green
KEEL	40	Boat's spine	Fall (over)
KEEN	52	Eager	Sharp
KEEP	52	Retain	Castle tower	Hold onto
KEGS	40	Beer barrels	Party barrels
KELP	50	Seaweed	Ocean algae
KENS	25	Ranges of understanding	Barbie dolls' boyfriends
KEPT	45	Retained	Held
KEYS	58	Piano parts	Florida islands	Locksmith's stock
KHAN	35	Mongol ruler	Genghis ___
KICK	65	Boot	Thrill	Get a ___ out of
KIDS	60	Children	Jokes	Teases
KILL	25	Veto	Turn off, as an engine
KILN	40	Pottery oven	Ceramics furnace
KILO	40	Thousand prefix	Weight measure, for short
KILT	50	Scottish skirt	Tartan garment
KIND	60	Nice	Type	Sort
KING	72	Chess piece	Crowned ruler	Monarch
KINK	35	Hose problem	Twist
KISS	70	Smooch	Peck
KITE	70	Windy-day flier	Ben Franklin's toy
KITH	20	___ and kin	Friends, old-style
KITS	45	Sets	Model ___
KIWI	65	Fuzzy fruit	New Zealander
KNEE	52	Leg joint	Hinge in the leg
KNEW	45	Understood	Was aware
KNIT	52	Make a sweater	Purl's partner
KNOB	45	Door handle	Dial
KNOT	58	Sailor's tie	Nautical speed unit	Tie the ___
KNOW	50	Understand	Be aware
KOOK	35	Oddball	Eccentric
LABS	50	Science rooms	Retrievers
LACE	50	Doily material	Tie, as sneakers
LACK	45	Shortage	Need
LACY	35	Delicate	Like doilies
LADE	12	Load, as cargo	Burden
LADS	42	Boys	Young fellows
LADY	50	Woman	Dame	___ Gaga
LAGS	45	Falls behind	Trails
LAID	40	Placed	Set down
LAIN	25	Reclined	Rested
LAIR	50	Den	Villain's hideout
LAKE	60	Erie or Huron	Pond's big sibling
LAMA	25	Tibetan monk	Buddhist teacher
LAMB	58	Baby sheep	Gentle soul
LAME	35	Uncool	Weak, as an excuse
LAMP	60	Light source	Desk ___	Genie's home
LAMS	25	Hasty getaways	Flights from the law
LAND	60	Touch down	Terrain	Get, as a job
LANE	58	Bowling alley	Highway division	Memory ___
LANK	20	Lean	Straight and limp
LAPS	50	Pool lengths	Track circuits	Licks up
LARD	35	Fat	Shortening
LARK	50	Songbird	Whim	Escapade
LASH	35	Whip	Eyelid hair
LASS	42	Young woman	Girl, in Scotland
LAST	52	Final	Endure	Hindmost
LATE	50	Tardy	Overdue	Recent
LATH	20	Plaster backing	Thin wooden strip
LATS	35	Back muscles, for short	Gym muscles
LAUD	35	Praise	Extol
LAVA	60	Volcanic flow	Magma
LAWN	58	Yard	Grass
LAWS	48	Rules	Statutes
LAYS	40	Puts down	Sets
LAZE	40	Lounge	Loaf
LAZY	52	Idle	Slothful
LEAD	60	Guide	Head	Pencil filler
LEAF	60	Page	Tree part	Turn over a new ___
LEAK	50	Drip	Spill	Divulge
LEAN	50	Tilt	Thin	Low-fat
LEAP	58	Jump	Bound	___ year
LEAS	20	Meadows	Pastures
LEEK	45	Onion relative	Soup vegetable
LEER	40	Ogle	Creepy look
LEES	12	Dregs	Wine sediment
LEFT	50	Departed	Port, on a ship	Remaining
LEGS	50	Limbs	Table supports	Stages of a race
LEIS	50	Hawaiian garlands	Luau necklaces
LEND	45	Loan	Give, as a hand
LENS	58	Camera part	Eyeglass part
LENT	42	Loaned	Pre-Easter period
LESS	40	Fewer	Minus
LEST	30	For fear that	In case
LETS	40	Allows	Rents
LEVY	42	Tax	Impose
LEWD	0
LIAR	50	Fibber	Pinocchio, notably
LICE	20	Parasites	Nit-pickers' targets?
LICK	45	Lap	Defeat	___ one's chops
LIDS	45	Caps	Covers
LIED	40	Fibbed	Told tales
LIEF	10	Gladly, old-style	Willingly, archaically
LIEN	30	Legal claim	Property claim
LIES	45	Fibs	Reclines
LIEU	35	In ___ of (instead of)	Place
LIFE	60	Existence	Board game with a spinner	"Get a ___!"
LIFT	58	Elevator, in London	Raise	Ride
LIKE	50	Enjoy	Similar to	Social media click
LILT	42	Cadence	Musical rhythm
LILY	58	Easter flower	Pond flower
LIMB	50	Arm or leg	Branch	Go out on a ___
LIME	65	Citrus fruit	Key ___ pie	Green shade
LIMN	10	Depict	Portray in words
LIMO	60	Stretch vehicle	Prom ride
LIMP	42	Floppy	Hobble
LIMY	12	Like some soil	Tasting of green citrus
LINE	52	Queue	Rope	Actor's part
LINK	58	Connect	Chain part	URL
LINT	50	Dryer fuzz	Pocket fuzz
LION	72	King of the jungle	Leo's symbol	MGM mascot
LIPS	50	Kisser parts	Mouth edges
LIRA	35	Turkish money	Old Italian money
LIRE	20	Old Italian coins	Pre-euro Italian money
LISP	40	Speech impediment	Say "thilly"?
LIST	52	To-do ___	Roster	Lean
LITE	42	Low-cal	Diet, on labels
LIVE	50	Not taped	Reside	Dwell
LOAD	50	Burden	Fill up	Truckful
LOAF	58	Bread unit	Lounge	Idle
LOAM	30	Rich soil	Garden dirt
LOAN	52	Advance	Lend	Mortgage, e.g.
LOBE	40	Ear part	Brain section
LOBS	45	Tosses high	High tennis shots
LOCI	20	Centers	Points, mathematically
LOCK	58	Bolt	Sure thing	Tress
LOCO	45	Crazy, in Spanish	Nuts
LODE	35	Vein of ore	Mother ___
LOFT	52	Attic	Studio apartment	Raise high, as a golf ball
LOGE	25	Theater box	Balcony section
LOGO	65	Brand symbol	Emblem
LOGS	48	Firewood	Records	Ship's records
LOIN	35	Pork chop cut	Butcher's cut
LOLL	25	Lounge	Hang loosely
LONE	45	Solitary	Only	___ Ranger
LONG	50	Yearn	Lengthy	Pine
LOOK	52	Glance	Appearance	"See!"
LOOM	45	Weaving machine	Tower (over)
LOON	35	Diving bird	Crazy person
LOOP	52	Circle	Roller coaster feature	In the ___
LOOT	50	Plunder	Swag	Booty
LOPE	35	Easy run	Canter
LOPS	35	Cuts (off)	Prunes
LORD	45	Noble	Master	Duke or earl
LORE	45	Legend	Folk wisdom
LORN	10	Lonely, poetically	Abandoned, old-style
LOSE	45	Misplace	Be defeated
LOSS	40	Defeat	Setback
LOST	50	Misplaced	Bewildered	Island-set TV drama
LOTS	48	A bunch	Parking areas	Many
LOUD	50	Noisy	Garish
LOUT	30	Boor	Oaf
LOVE	72	Adore	Zero, in tennis	Cherish
LOWS	35	Valleys	Moos	Bottoms
LUAU	70	Hawaiian feast	Pig roast party
LUBE	35	Grease job	Oil, as a hinge
LUCK	60	Fortune	Chance	"Good ___!"
LUGS	35	Hauls heavily	Big oafs
LULL	45	Calm	Pause	Soothe
LUMP	45	Bump	Sugar cube	Swelling
LUNG	45	Breathing organ	Iron ___
LURE	50	Bait	Entice	Fishing gear
LURK	45	Skulk	Hide and wait
LUSH	48	Verdant	Plush
LUST	15	Strong craving	Wander___ (travel bug)
LUTE	40	Lyre's cousin	Pear-shaped instrument
LYNX	50	Bobcat	Wild cat
LYRE	35	Ancient harp	Lute relative
MACE	35	Spice from nutmeg	Spiked club	Pepper spray
MADE	50	Created	Built	Earned
MADS	0
MAID	48	Housekeeper	Old ___ (card game)
MAIL	52	Post	Letters	Send
MAIM	12	Injure badly	Wound
MAIN	48	Principal	Chief	Water ___
MAKE	50	Build	Brand	Create
MALE	45	Masculine	Buck or bull
MALL	58	Shopping center	Strip ___
MALT	45	Shake variety	Beer grain
MAMA	52	Mom	"___ Mia!"
MANE	52	Lion's locks	Horse's hair
MANS	25	Staffs	Operates, as a booth
MANY	45	Numerous	A lot
MAPS	52	Atlas pages	Charts	Plans (out)
MARE	45	Female horse	Grown-up filly
MARK	50	Target	Grade	Gospel writer
MARS	52	Red planet	Spoils	Damages
MART	40	Market	Store
MASH	50	Puree	Potato prep	Monster ___
MASK	60	Halloween wear	Disguise	Conceal
MASS	48	Bulk	Church service	Weight
MAST	45	Ship's pole	Sail support
MATE	50	Buddy, in Britain	Spouse	Partner
MATH	60	Algebra or geometry	School subject
MATS	45	Yoga ___	Wrestling surfaces
MAUL	30	Batter	Attack savagely	Sledgehammer
MAWS	25	Jaws	Gaping mouths
MAYO	60	Sandwich spread	Minnesota clinic
MAZE	70	Labyrinth	Hedge puzzle
MEAD	35	Honey wine	Viking drink
MEAL	58	Repast	Lunch or dinner	Happy ___
MEAN	45	Average	Unkind	Signify
MEAT	50	Beef or pork	Substance
MEEK	42	Humble	Mild
MEET	50	Encounter	Track event	Get together
MEGS	30	Computer memory units, informally	MBs
MELD	40	Merge	Rummy play
MELT	52	Thaw	Tuna ___	Soften
MEME	70	Viral image	Internet joke
MEMO	50	Office note	Reminder
MEND	45	Repair	Fix	Heal
MENU	65	Diner's list	Options screen
MEOW	70	Cat's call	Kitty's sound
MERE	40	Only	Simple
MESA	45	Flat-topped hill	Southwestern landform
MESH	48	Netting	Fit together
MESS	52	Disorder	Clutter	Hot ___
METE	25	Dole (out)	Hand (out)
MEWL	12	Whimper	Cry feebly
MEWS	25	Kittens' cries	Stable alleys
MICA	25	Shiny mineral	Silicate mineral
MICE	52	Cheese lovers	Computer accessories
MIEN	12	Demeanor	Bearing
MIFF	25	Annoy	Peeve
MIKE	45	Stage amplifier, informally	Amplify, with "up"
MILD	50	Gentle	Not spicy
MILE	58	5,280 feet	Run a ___
MILF	0
MILK	65	Dairy drink	"Got ___?"	Exploit
MILL	45	Grinder	Factory	Rumor ___
MILS	12	Thousandths of an inch	Thin measures
MIME	50	Silent performer	Marcel Marceau, for one
MIND	52	Intellect	Object to	Babysit
MINE	52	Not yours	Coal source	Gold ___
MINI	52	Small	Short skirt	Cooper car
MINK	45	Fur source	Weasel relative
MINT	60	Breath freshener	Like new	Coin factory
MINX	25	Flirt	Saucy girl
MIRE	35	Bog	Swamp
MISS	52	Fail to hit	Young lady	Long for
MIST	52	Fog	Light spray
MITE	35	Tiny bug	Small amount
MITT	52	Catcher's glove	Oven ___
MKAY	5	"Okay," casually
MOAN	35	Groan	Complain
MOAT	52	Castle ditch	Castle defense
MOBS	40	Crowds	Swarms
MOCK	42	Ridicule	Fake	___ trial
MODE	42	Fashion	Setting	Statistical value
MODS	35	Game add-ons	Forum moderators, for short
MOLD	45	Fungus	Shape	Cast
MOLE	42	Spy	Burrowing mammal	Mexican sauce
MOLL	10	Gangster's girl	Gun ___
MOLT	35	Shed	Lose feathers
MOMS	52	Mothers	Dads' partners
MONK	45	Friar	Abbey resident
MONO	35	Kissing disease	Single-speaker sound
MOOD	50	Emotional state	Vibe	Atmosphere
MOON	70	Night light	Crescent shape	Luna
MOOR	35	Heath	Tie up, as a boat
MOOS	35	Cow sounds	Lows
MOOT	35	Debatable	Irrelevant
MOPE	42	Sulk	Brood
MOPS	42	Swabs	Floor cleaners
MORE	45	Extra	Additional	"Please, sir, I want some ___"
MORN	35	Daybreak, poetically	Dawn
MOSS	50	Rolling stone's lack	Forest floor covering
MOST	42	Majority	Max
MOTE	20	Speck	Dust particle
MOTH	50	Flame-loving insect	Closet pest
MOVE	58	Relocate	Chess turn	Budge
MOWS	40	Cuts, as grass	Trims the lawn
MUCH	40	Lots	A great deal
MUCK	40	Mud	Mire
MUFF	30	Fumble	Hand warmer
MUGS	45	Coffee cups	Makes faces
MULE	45	Stubborn animal	Slip-on shoe
MULL	40	Ponder	Spice, as cider
MURK	35	Gloom	Darkness
MUSE	48	Inspiration	Ponder
MUSH	42	Sled-dog command	Porridge
MUSK	40	Cologne scent	Animal scent
MUSS	35	Tousle	Rumple
MUST	42	Need	Essential	Necessity
MUTE	45	Silent	TV remote button
MUTT	50	Mixed-breed dog	Mongrel
MYNA	25	Talking bird	Starling relative
MYTH	58	Legend	Fable	Urban legend
NABS	35	Catches	Collars
NAGS	40	Pesters	Old horses
NAIL	52	Hammer target	Ace	Fingertip feature
NAME	52	Moniker	Title	Pick
NAPE	35	Back of the neck	Scruff
NAPS	52	Snoozes	Siestas
NARC	10	Drug agent, informally	Undercover cop, slangily
NARK	5	Informer, in Britain
NARY	30	Not a single	___ a one
NAVE	25	Church aisle area	Cathedral center
NAVY	52	Dark blue	Sea force	Annapolis grad's service
NAYS	35	No votes	Negatives
NEAR	45	Close by	Approach
NEAT	50	Tidy	"Cool!"	Orderly
NECK	45	Giraffe feature	Guitar part
NEED	45	Require	Want
NEON	65	Sign gas	Bright, like some colors
NERD	60	Geek	Brainiac
NEST	58	Bird home	Empty ___
NETS	45	Catches	Brooklyn team
NEWS	52	Headlines	Report	Evening ___
NEWT	45	Salamander	Small amphibian
NEXT	45	Following	Subsequent	"Who's ___?"
NIBS	25	Pen points	Cocoa ___
NICE	50	Pleasant	Kind	French Riviera city
NICK	42	Small cut	Notch	In the ___ of time
NIGH	30	Near	Almost
NINE	50	Baseball team count	Cloud ___
NIPS	30	Little bites	Small sips
NITS	25	Picky criticisms	Tiny gripes
NODE	35	Network point	Lymph ___
NODS	45	Yes signals	Dozes (off)
NOEL	50	Christmas carol	Yuletide song
NOES	30	Refusals	Negatives
NONE	40	Not any	Zero
NOOK	45	Cozy corner	Breakfast ___
NOON	50	Midday	High ___
NOPE	52	"Uh-uh"	"Nah"
NORM	45	Standard	Average
NOSE	52	Smeller	Snout	Pry
NOSH	42	Snack	Nibble
NOSY	50	Prying	Snoopy
NOTE	50	Memo	Do-re-mi, e.g.	Notice
NOUN	45	Person, place or thing	Word type
NOUS	10	Common sense	"We," in French
NOVA	45	Exploding star	Lox variety
NUBS	25	Stubs	Small knobs
NUDE	0
NUKE	30	Microwave	Zap
NULL	35	Void	Zero
NUMB	42	Without feeling	Frozen
NUNS	40	Convent residents	Sisters
NUTS	50	Crazy	Cashews	Bolts' partners
OAFS	35	Klutzes	Lummoxes
OAKS	45	Acorn trees	Mighty trees
OARS	45	Rowing tools	Paddles
OATH	45	Pledge	Vow
OATS	45	Porridge grains	Granola grains	Feel one's ___
OBEY	45	Follow orders	Heed
OBIT	30	Newspaper tribute, for short	Life story in the paper, briefly
OBOE	50	Woodwind	Double-reed instrument
ODDS	45	Chances	Betting line
ODES	45	Lyric poems	Keats poems
ODOR	40	Smell	Scent
OFFS	10	Gets rid of, slangily	The ons and ___
OGLE	35	Leer at	Eye
OGRE	52	Shrek, e.g.	Fairy-tale brute
OHMS	35	Resistance units	Electrical units
OILS	42	Paintings	Lubricates
OILY	35	Greasy	Slick
OINK	60	Pig sound	Hog's call
OKAY	50	Fine	All right	Approve
OKRA	50	Gumbo veggie	Pod vegetable
OLEO	30	Margarine	Butter substitute
OMEN	50	Sign	Portent
OMIT	42	Leave out	Skip
ONCE	45	Formerly	One time	___ upon a time
ONES	40	Single bills	Small bills
ONLY	42	Sole	Just
ONTO	35	Aware of	Atop
ONUS	35	Burden	Responsibility
ONYX	40	Black gem	Banded stone
OOPS	65	"My bad!"	"Uh-oh!"
OOZE	45	Seep	Slime
OPAL	45	October birthstone	Iridescent gem
OPEN	50	Unlock	Ajar	Candid
OPTS	35	Chooses	Decides (to)
OPUS	42	Musical work	Magnum ___
ORAL	35	Spoken	Verbal	Like some exams
ORBS	35	Spheres	Globes
ORCS	40	Tolkien villains	Fantasy brutes
ORES	40	Mine yields	Metal sources
ORGY	0
OUCH	65	"That hurts!"	"Ow!"
OURS	40	Not yours	Not theirs
OUST	42	Expel	Kick out
OUTS	40	Excuses	Three per inning
OVAL	52	Racetrack shape	Ellipse
OVEN	60	Kitchen appliance	Bun warmer
OVER	42	Finished	Above	Done
OVUM	12	Egg cell	Reproductive cell
OWED	35	Was in debt	Had a tab
OWES	35	Is in debt	Has a tab
OWLS	52	Hooters	Night birds
OWNS	40	Has	Possesses
OXEN	42	Plow pullers	Yoked beasts
PACE	50	Speed	Walk back and forth
PACK	52	Wolf group	Fill a suitcase
PACT	45	Agreement	Treaty
PADS	45	Apartments	Notebooks	Cushions
PAGE	52	Leaf	Call over the PA	Book part
PAID	42	Settled up	Compensated
PAIL	42	Bucket	Jack and Jill's carry
PAIN	40	Ache	Nuisance
PAIR	48	Duo	Couple
PALE	45	Pasty	Wan
PALL	25	Gloom	Cast a ___ over
PALM	58	Tree with fronds	Hand part	___ reading
PALS	52	Buddies	Chums
PANE	42	Window glass	Glass sheet
PANG	35	Twinge	Sharp pain
PANS	40	Criticizes	Cookware
PANT	40	Gasp	Breathe hard
PAPA	50	Daddy	Grandpa, to some
PAPS	0
PARE	35	Peel	Trim
PARK	60	Green space	Leave the car	Theme ___
PARS	35	Golf scores	Norms
PART	48	Role	Piece	Hair divider
PASS	50	Hand over	Go by	Mountain route
PAST	45	History	Former	Beyond
PATE	30	Liver spread	Head, humorously
PATH	52	Trail	Route
PATS	40	Taps	Light touches	New England team
PAVE	42	Blacktop	Cover with asphalt
PAWL	5	Ratchet part
PAWN	50	Chess piece	Hock
PAWS	52	Dog's feet	Kitten's mitts
PAYS	35	Settles up	Wages
PEAK	58	Summit	Top	Mountaintop
PEAL	35	Ring	Bell sound
PEAR	58	Bartlett, e.g.	Bosc, for one
PEAS	50	Pod contents	Split ___ soup
PEAT	30	Bog matter	Fuel from bogs
PECK	48	Kiss	Bushel fraction	Bird's jab
PECS	35	Chest muscles	Gym muscles
PEED	0
PEEK	52	Glance	Sneak ___
PEEL	48	Pare	Orange skin
PEEP	50	Chick's sound	Easter candy
PEER	45	Equal	Squint	Look closely
PEES	0
PEGS	40	Tent stakes	Coat hooks
PELT	35	Animal skin	Pummel
PENS	45	Writing tools	Pigsties
PENT	25	Confined, with "up"	Bottled (up)
PEON	20	Drudge	Lowly worker
PEPS	30	Energizes, with "up"	Perks (up)
PERK	50	Benefit	Bonus	Coffee brewer
PERM	42	Salon wave	Curly hairdo
PERT	30	Saucy	Lively
PESO	45	Mexican money	Latin American money
PEST	45	Nuisance	Annoying person
PETS	52	Cats and dogs	Strokes
PEWS	40	Church seats	Chapel benches
PICA	10	Printer's measure	Typewriter type size
PICK	50	Choose	Guitar ___	Best
PIED	25	Like Hamelin's Piper	Multicolored
PIER	50	Dock	Wharf
PIES	52	Bakery items	Apple ___
PIGS	50	Hogs	Swine
PIKE	40	Highway	Freshwater fish	Medieval spear
PILE	48	Heap	Stack
PILL	42	Tablet	Pain in the neck
PIMP	0
PINE	50	Evergreen	Yearn
PING	45	Sonar sound	Engine knock
PINK	60	Rose shade	In the ___ (healthy)
PINS	42	Bowling targets	Brooches
PINT	50	Half a quart	Pub serving
PIPE	45	Plumbing tube	Sherlock Holmes accessory
PIPS	25	Seeds	Spots on dice
PISS	0
PITA	58	Pocket bread	Greek bread
PITH	30	Core	Gist
PITS	42	Fruit stones	Lowest point, with "the"
PITY	42	Sympathy	Shame
PLAN	52	Strategy	Scheme	Blueprint
PLAY	60	Romp	Stage show	Frolic
PLEA	45	Request	Appeal
PLOD	35	Trudge	Slog
PLOP	50	Sound of a drop	Flop down
PLOT	52	Story line	Scheme	Garden spot
PLOW	45	Snow remover	Till
PLOY	42	Gambit	Tactic
PLUG	48	Outlet insert	Promote	Stopper
PLUM	52	Purple fruit	Choice	Prize
PLUS	42	Bonus	Advantage	Addition sign
POCK	10	Pit	Scar
PODS	40	Pea holders	Whale groups
POEM	52	Sonnet	Verse
POET	52	Bard	Verse writer
POKE	45	Prod	Jab	Hawaiian raw fish dish
POKY	30	Slow	Sluggish
POLE	42	Vault tool	Rod	Northern ___
POLL	42	Survey	Canvass
POLO	52	Shirt style	Sport on horseback
POLS	30	Politicos	Party figures
POMP	35	Ceremony	___ and circumstance
POND	52	Small lake	Duck's home
PONE	10	Corn bread	Corn ___
PONY	60	Small horse	Shetland
POOH	45	Winnie-the-___	Bear of the Hundred Acre Wood
POOL	60	Billiards game	Swimming spot	Shared fund
POOP	0
POOR	35	Needy	Broke
POPE	40	Vatican leader	Pontiff
POPS	45	Dad	Snaps	Bursts
PORE	35	Skin opening	Study (over)
PORK	42	Ham	Chop meat
PORN	0
PORT	45	Harbor	Left, on a ship
POSE	50	Model's stance	Strike a ___
POSH	50	Ritzy	Swanky
POST	48	Mail	Social media update	Pillar
POSY	35	Little bouquet	Small nosegay
POTS	42	Pans' partners	Kitties
POUR	45	Rain hard	Serve, as coffee
POUT	45	Sulk	Pucker
PRAM	35	Baby buggy, in Britain	Stroller
PRAY	40	Plead	Beseech
PREP	50	Get ready	Kitchen task
PREY	42	Quarry	Hunted animal
PRIG	10	Prude	Prissy one
PRIM	35	Proper	Prissy
PROD	42	Poke	Nudge
PROF	45	Teacher, informally	Campus instructor, for short
PROM	60	School dance	Senior's gala
PROP	45	Stage item	Support
PROS	42	Experts	Advantages
PROW	30	Bow	Ship's front
PSST	52	"Hey, over here!"	Whispered attention-getter
PUBS	48	Taverns	Bars
PUCK	52	Hockey disk	Midsummer sprite
PUFF	45	Cream ___	Breath
PUGS	40	Flat-faced dogs	Small dogs
PUKE	0
PULL	45	Influence	Tug	Draw
PULP	42	Orange juice part	Fiction genre
PUMA	45	Cougar	Panther
PUMP	45	Gas station fixture	Heart, essentially	Inflate
PUNK	50	Ramones' genre	Mohawk-wearing rocker
PUNS	60	Wordplay	Groan-worthy jokes
PUNT	42	Football kick	Fourth-down option
PUNY	42	Feeble	Wimpy
PUPA	20	Cocoon stage	Insect stage
PUPS	52	Young dogs	Seal babies
PURE	45	Unsullied	Clean
PURL	30	Knit stitch	Knitting stitch
PURR	70	Cat's sound	Contented sound
PUSH	45	Shove	Promote
PUSS	12	Face, slangily	___ in Boots
PUTS	35	Places	Sets
PUTT	50	Short golf shot	Green stroke
PWNS	5	Dominates, gamer-style
PYRE	20	Bonfire, in ancient rites	Heap for burning
QUAD	42	Campus green	Thigh muscle, briefly
QUAY	30	Pier	Wharf
QUID	30	Pound, in Britain	British pound
QUIP	52	Witty remark	Wisecrack
QUIT	42	Stop	Resign
QUIZ	70	Pop ___	Test
RACE	48	Contest	Sprint	Marathon
RACK	42	Shelf	Pool triangle
RACY	20	Risque	Spicy
RAFT	50	Float	Life ___
RAGA	20	Indian music form	Sitar piece
RAGE	42	Fury	Fad
RAGS	35	Tatters	Riches' opposite
RAID	40	Sudden attack	Fridge ___ (midnight snack)
RAIL	42	Train track	Banister	Complain loudly
RAIN	58	Showers	Precipitation	Drizzle
RAKE	42	Leaf gatherer	Garden tool	Rogue
RAMP	45	Incline	Slope
RAMS	40	Butts	Male sheep	LA NFL team
RANG	40	Called	Phoned	Pealed
RANK	45	Grade	Smelly	Rate
RANT	45	Tirade	Rave
RAPE	0
RAPS	40	Knocks	Hip-hop songs
RAPT	35	Engrossed	Enthralled
RARE	45	Uncommon	Lightly cooked
RASH	42	Hasty	Skin irritation
RASP	30	Coarse file	Grating sound
RATE	45	Speed	Rank	Price
RATS	40	Rodents	"Darn!"
RAVE	50	Gush	Glowing review	All-night dance party
RAYS	45	Sunbeams	Tampa Bay team	Mantas
RAZE	35	Tear down	Demolish
RAZZ	35	Tease	Heckle
READ	50	Peruse	Scan	Book club assignment
REAL	45	Genuine	Authentic
REAM	30	500 sheets	Paper quantity
REAP	40	Harvest	Gather
REAR	40	Back	Raise, as children
REDO	42	Second attempt	Mulligan
REDS	40	Cincinnati team	Cabernets, e.g.
REED	35	Clarinet part	Marsh plant
REEF	50	Coral ___	Snorkeling site
REEK	35	Stink	Smell bad
REEL	45	Fishing rod part	Stagger	Movie spool
REFS	42	Officials	Whistle blowers
REIN	35	Bridle strap	Control, with "in"
RELY	35	Depend	Count (on)
REND	20	Tear apart	Rip
RENT	45	Lease	Landlord's due	Broadway musical
REPS	40	Gym set units	Agents, for short
REST	48	Relax	Remainder	Nap
REVS	35	Guns, as an engine	Speeds (up)
RHEA	25	Flightless bird	Ostrich relative
RIBS	50	Barbecue order	Teases
RICE	52	Sushi staple	Risotto grain
RICH	45	Wealthy	Loaded
RICK	12	Stack of hay	Haystack
RIDE	50	Carousel, e.g.	Lift	Pedal a bike
RIDS	30	Clears (of)	Frees
RIFE	30	Widespread	Teeming
RIFF	45	Guitar lick	Improvise
RIFT	35	Split	Falling-out
RIGS	35	Big trucks	Oil platforms
RILE	35	Anger	Agitate
RILL	10	Brook	Rivulet
RIME	10	Frost	Hoarfrost
RIMS	40	Wheel edges	Hoop edges
RIND	40	Peel	Watermelon skin
RING	58	Bell sound	Jewelry item	Boxing arena
RINK	45	Skating venue	Hockey arena
RIOT	50	Hilarious person	Uprising
RIPE	45	Ready to eat	Mature
RIPS	35	Tears	Rends
RISE	45	Ascend	Get up	Increase
RISK	48	Danger	Board game of world domination	Gamble
RITE	35	Ceremony	Sacrament
ROAD	58	Highway	___ trip
ROAM	45	Wander	Ramble
ROAN	12	Horse coat color	Speckled horse
ROAR	58	Lion's sound	Thunder
ROBE	45	Judge's garment	Spa wear
ROBS	35	Steals from	Holds up
ROCK	60	Stone	Sway	Pebble's big brother
RODE	35	Biked	Was a passenger
RODS	35	Fishing poles	Bars
ROES	12	Fish eggs	Deer
ROIL	20	Agitate	Stir up
ROLE	45	Part	Character
ROLL	52	Bun	Somersault	Dice throw
ROMP	50	Frolic	Easy win
ROOD	5	Crucifix	Cross, old-style
ROOF	52	House top	Shingled surface
ROOK	40	Chess piece	Castle, in chess
ROOM	52	Space	Chamber
ROOT	45	Cheer	Plant part	Origin
ROPE	50	Lasso	Cord
ROSE	52	Red flower	Got up	Blush wine
ROSY	50	Optimistic	Pink-cheeked
ROTE	35	Memorization	By ___ (mechanically)
ROTS	35	Spoils	Decays
ROUT	35	Blowout	Defeat soundly
ROVE	35	Wander	Roam
ROWS	40	Theater lines	Paddles	Squabbles
RUBE	30	Hayseed	Bumpkin
RUBS	35	Massages	Snags
RUBY	52	Red gem	July birthstone
RUDE	45	Impolite	Ill-mannered
RUED	30	Regretted	Lamented
RUES	30	Regrets	Laments
RUFF	10	Elizabethan collar	Frilly collar
RUGS	45	Carpets	Mats
RUIN	42	Wreck	Spoil
RULE	45	Law	Govern	Reign
RUMP	35	Rear	Steak cut
RUMS	20	Caribbean spirits	Pirate drinks
RUNE	25	Ancient letter	Viking symbol
RUNG	40	Ladder step	Telephoned
RUNS	42	Jogs	Operates	Baseball scores
RUNT	40	Smallest of the litter	Shrimp
RUSE	35	Trick	Ploy
RUSH	48	Hurry	Hasten	Gold ___
RUSK	10	Hard biscuit	Teething cracker
RUST	42	Corrosion	Reddish-brown
RUTS	35	Grooves	Routines
SACK	42	Bag	Fire	Bed, slangily
SACS	25	Pouches	Bags in the body
SAFE	50	Secure	Locked box	Not out
SAGA	50	Epic	Long tale
SAGE	50	Wise	Herb	Wise one
SAGO	10	Starch from palms	Pudding starch
SAGS	35	Droops	Sinks
SAID	40	Spoke	Stated
SAIL	58	Cruise	Canvas sheet on a mast
SAKE	40	Japanese rice wine	For goodness' ___
SALE	52	Discount event	Bargain	Clearance
SALT	52	Seasoning	Sailor	Old ___
SAME	42	Identical	Equal
SAND	52	Beach stuff	Smooth, as wood
SANE	40	Rational	Sensible
SANG	40	Crooned	Belted out	Squealed
SANK	35	Went under	Made, as a putt
SANS	35	Without	Lacking
SAPS	30	Fools	Drains
SARI	35	Indian garment	Draped dress
SASH	42	Pageant band	Window frame	Belt
SASS	45	Back talk	Lip
SATE	30	Fill up	Quench
SAVE	50	Rescue	Goalie's feat	Keep
SAWS	35	Cutting tools	Sayings
SAYS	35	Speaks	Declares
SCAB	25	Strikebreaker	Healing crust
SCAD	10	Big amount	Large number
SCAM	45	Con	Swindle	Ripoff
SCAN	42	Skim	Read quickly	MRI, e.g.
SCAR	42	Mark	"The Lion King" villain
SCAT	42	"Shoo!"	Jazz singing style
SCOW	20	Flat-bottomed boat	Barge
SCUD	12	Skim along	Scurry, as clouds
SCUM	12	Pond film	Lowlifes
SEAL	52	Flipper animal	Close up	Navy commando
SEAM	42	Stitch line	Coal layer
SEAR	42	Scorch	Brown quickly
SEAS	40	Oceans	Seven ___
SEAT	45	Chair	Spot	Bench spot
SECS	30	Moments, briefly	Brief moments, for short
SECT	30	Faction	Denomination
SEED	48	Tournament ranking	Pit	Plant source
SEEK	40	Look for	Hide-and-___
SEEM	35	Appear	Look
SEEN	35	Spotted	Observed
SEEP	35	Ooze	Leak slowly
SEER	40	Prophet	Fortune teller
SEES	35	Dates	Understands
SELF	40	Ego	Identity
SELL	42	Vend	Peddle
SEMI	45	Big rig	Playoff round, for short
SEND	42	Mail	Ship
SENT	35	Mailed	Shipped
SERE	10	Dry	Withered
SERF	30	Feudal worker	Peasant
SETS	35	Tennis units	Puts	Kits
SEWN	30	Stitched	Darned
SEWS	35	Stitches	Hems
SEXY	0
SHAD	12	Herring relative	Fish with roe
SHAG	25	Carpet style	Long-pile rug
SHAH	30	Former Iranian ruler	Persian king
SHAM	35	Fake	Pillow cover
SHED	48	Lose	Tool storage	Molt
SHES	12	"___ a Lady" (Tom Jones hit)	"___ Got a Way" (Billy Joel song)
SHIM	12	Wedge	Leveling wedge
SHIN	42	Leg front	Kick target
SHIP	52	Vessel	Send	Liner
SHIT	0
SHOD	20	Wearing shoes	Like horses, usually
SHOE	52	Loafer	Sneaker
SHOO	45	"Scram!"	"Go away!"
SHOP	50	Store	Browse
SHOT	42	Attempt	Vaccination	Photo
SHOW	50	Display	Program	Exhibit
SHUN	35	Avoid	Ignore
SHUT	35	Closed	Close
SICK	40	Ill	Awesome, in slang
SICS	10	Sets on, as a dog	Urges to attack
SIDE	42	Flank	Team	Fries, e.g.
SIFT	40	Sort through	Sieve
SIGH	50	Sound of relief	Exhale wistfully
SIGN	45	Omen	Autograph	Billboard
SILK	52	Fine fabric	Worm product
SILL	40	Window ledge	Window base
SILO	45	Farm storage	Grain tower
SILT	30	River deposit	Sediment
SIMS	12	Computer simulations, for short	Virtual life games
SINE	25	Trig function	Wave curve type
SING	45	Croon	Belt out	Do karaoke
SINK	42	Basin	Go under
SINS	30	Transgressions	Wrongs
SIPS	35	Tastes	Small swallows
SIRE	25	Father	Your Majesty
SIRS	30	Gentlemen	Knights' titles
SITE	45	Location	Web page	Spot
SITS	35	Poses	Rests	Perches
SIZE	45	Dimensions	Small, medium or large
SKEW	35	Distort	Slant
SKID	40	Slide	Slip
SKIM	45	Read quickly	Low-fat, as milk
SKIN	42	Epidermis	Peel
SKIP	50	Hop	Omit	Pass on
SKIS	50	Slope gear	Downhill equipment
SKIT	50	Sketch	Comedy bit
SLAB	35	Thick slice	Concrete block
SLAG	10	Smelting waste	Dross
SLAM	50	Grand ___	Shut loudly	Criticize harshly
SLAP	35	Smack	___ on the wrist
SLAT	30	Blind strip	Bed support strip
SLAW	45	Cole ___	Picnic side dish
SLAY	35	Wow the crowd	Kill it, slangily
SLED	58	Snow rider	Toboggan
SLEW	35	Bunch	Lot
SLID	35	Skidded	Glided
SLIM	42	Thin	Slender	Remote, as chances
SLIP	42	Error	Pink ___	Trip
SLIT	25	Narrow cut	Narrow opening
SLOB	35	Messy person	Pig
SLOE	12	Gin flavoring	Blackthorn fruit
SLOG	35	Trudge	Hard grind
SLOP	30	Pig food	Swill
SLOT	42	Opening	Time spot	Coin opening
SLOW	45	Sluggish	Leisurely
SLUE	5	Swing around	Pivot
SLUG	35	Garden pest	Hit hard
SLUM	20	Rundown area	Shantytown
SLUR	10	Mumble	Musical curve
SLUT	0
SMOG	45	Polluted air	L.A. haze
SMUG	45	Self-satisfied	Complacent
SMUT	0
SNAG	42	Hitch	Catch	Glitch
SNAP	52	Click one's fingers	Easy task	"Oh, ___!"
SNIP	42	Cut	Trim
SNIT	35	Huff	Tizzy
SNOB	40	Elitist	Stuck-up type
SNOT	0
SNOW	60	Winter flakes	Blizzard stuff
SNUB	40	Cold shoulder	Ignore
SNUG	50	Cozy	Comfy	Tight
SOAK	45	Drench	Steep	Bathe
SOAP	50	Daytime drama	Bar in the shower
SOAR	50	Fly high	Skyrocket
SOBS	35	Cries	Weeps
SOCK	45	Footwear item	Punch
SODA	60	Pop	Fizzy drink
SODS	20	Turfs	Lawn patches
SOFA	60	Couch	Living room piece
SOFT	45	Plush	Gentle
SOIL	42	Dirt	Earth	Stain
SOLD	40	Peddled	Convinced
SOLE	42	Only	Flatfish	Shoe bottom
SOLO	58	Alone	Aria, e.g.	Han ___
SOLS	20	Peruvian coins	Notes after fas
SOME	35	A few	Several
SONG	58	Tune	Melody	Ditty
SONS	42	Boys	Heirs
SOON	35	Shortly	Before long
SOOT	35	Chimney grime	Smudge
SOPS	20	Soaks (up)	Bribes
SORE	42	Achy	Upset	Tender
SORT	42	Kind	Organize	Type
SOTS	10	Drunks	Boozers
SOUL	50	Spirit	Music genre
SOUP	58	Chowder	Bisque
SOUR	42	Tart	Lemon taste
SOWN	30	Planted	Scattered, as seed
SOWS	35	Plants	Female pigs
SPAM	42	Junk email	Canned meat
SPAN	42	Bridge length	Stretch	Time period
SPAR	30	Box	Practice punch	Mast
SPAS	50	Wellness retreats	Resorts
SPAT	35	Quarrel	Tiff
SPAY	20	Neuter, as a cat	Fix, as a pet
SPEC	30	Detail, for short	On ___ (without a contract)
SPED	35	Raced	Zoomed
SPEW	30	Gush	Spout
SPIN	52	Twirl	Rotate	Twist on the facts
SPIT	30	Skewer	Rotisserie rod
SPOT	50	Place	Dog name	See
SPRY	40	Nimble	Agile
SPUD	50	Potato	Tater
SPUN	35	Twirled	Rotated
SPUR	42	Cowboy boot attachment	Prompt
STAB	30	Attempt	Try
STAG	35	Male deer	___ party
STAR	70	Celebrity	Twinkler	Lead
STAY	45	Remain	Sit tight	Command to Fido
STEM	42	Flower stalk	Stop
STEP	45	Stair	Pace	Stage
STEW	50	Fret	Hearty dish	Beef ___
STIR	45	Mix	Commotion	Awaken
STOP	45	Halt	Bus ___	Cease
STOW	35	Pack away	Store
STUB	35	Ticket part	Bump, as a toe
STUD	20	Earring	Wall beam	Stallion
STUN	35	Daze	Astonish
SUBS	42	Hoagies	Replacements
SUCH	30	So	Of that kind
SUCK	10	Draw through a straw	Slurp
SUDS	45	Lather	Foam
SUED	30	Took to court	Litigated
SUES	30	Takes to court	Litigates
SUET	12	Bird feeder fat	Beef fat
SUIT	45	Business attire	Matching outfit	Clubs or hearts
SULK	42	Pout	Mope
SUMO	52	Japanese wrestling	Heavyweight sport
SUMP	10	Drain pit	Low pit for water
SUMS	35	Totals	Amounts
SUNG	35	Chanted	Crooned
SUNK	35	Doomed	Submerged
SUNS	35	Stars	Phoenix team
SUPS	12	Has dinner	Dines
SURE	42	Certain	"You bet!"
SURF	58	Ride the waves	Browse	Ocean spray
SWAB	35	Mop	Cotton ___
SWAG	45	Freebies	Style, slangily
SWAM	35	Did laps	Paddled
SWAN	52	Graceful bird	Cygnet's parent
SWAP	50	Trade	Exchange
SWAT	42	Hit	Police team	Fly away
SWAY	42	Rock	Influence
SWIG	35	Gulp	Big sip
SWIM	50	Do laps	Paddle
SWUM	5	Paddled, old-style
SYNC	42	Coordinate	Match up	In ___
TABS	42	Bar bills	Browser features
TACK	35	Pushpin	Approach	Sailing maneuver
TACO	72	Tuesday treat	Folded tortilla	Fish ___
TACT	42	Diplomacy	Discretion
TADS	25	Bits	Smidgens
TAGS	42	Labels	Price stickers
TAIL	45	Follow	Shadow	Coin side
TAKE	40	Grab	Version	Seize
TALC	30	Baby powder	Soft mineral
TALE	45	Story	Yarn
TALK	45	Chat	Speech
TALL	42	High	Lofty
TAME	40	Domesticated	Docile
TAMP	20	Pack down	Press firmly
TAMS	12	Scottish caps	Berets
TANG	35	Zest	Sharp taste
TANK	42	Fish home	Armored vehicle	Flop
TANS	35	Bronzes	Summer glows
TAPE	42	Record	Adhesive strip	Duct ___
TAPS	35	Faucets	Light knocks
TARE	10	Container weight	Weed
TARO	30	Poi source	Hawaiian root
TARP	35	Ground cover	Canvas sheet
TARS	20	Sailors	Old salts
TART	42	Sour	Pastry
TASK	42	Chore	Job
TATS	25	Ink, slangily	Body art, briefly
TAUT	35	Tight	Tense
TAXI	52	Cab	Ride to the airport
TEAK	30	Hardwood	Deck wood
TEAL	45	Blue-green	Duck
TEAM	58	Squad	Crew
TEAR	42	Rip	Drop of sadness
TEAS	35	Oolong and chai	Afternoon gatherings
TEAT	5	Udder part
TEED	30	Placed on a peg, as a golf ball	Set (up)
TEEM	30	Swarm	Abound
TEEN	50	Adolescent	High schooler
TEES	42	Golf pegs	Casual shirts
TELL	42	Inform	Reveal	Poker giveaway
TEMP	35	Fill-in worker	Degree, briefly
TEND	35	Care for	Lean
TENS	30	Sawbucks	Perfect scores
TENT	52	Camping shelter	Big top
TERM	42	Word	Semester	Period
TERN	25	Seabird	Gull's cousin
TEST	42	Exam	Trial	Quiz
TEXT	50	Message	Words	SMS
THAN	25	Compared to	Rather ___
THAT	25	Which	This one's partner
THAW	45	Melt	Defrost
THEE	20	You, biblically	"My country, 'tis of ___"
THEM	20	Those people	Those folks
THEN	25	Next	Afterward
THEY	20	Those people	Them, as a subject
THIN	40	Lean	Slender
THIS	20	___ one	The thing here
THOU	20	You, old-style	"Wherefore art ___ Romeo?"
THRU	12	Via, informally	Drive-___ (window)
THUD	45	Dull sound	Heavy fall noise
THUG	30	Hoodlum	Brute
THUS	25	Therefore	So
TICK	35	Clock sound	Pest	Check mark
TICS	25	Twitches	Spasms
TIDE	42	Ocean ebb and flow	Current
TIDY	45	Neat	Clean up
TIED	35	Even	Knotted
TIER	35	Level	Layer
TIES	35	Neckwear	Draws
TIFF	35	Spat	Squabble
TILE	42	Scrabble piece	Floor square
TILL	35	Cash drawer	Plow	Until
TILT	42	Lean	Slant
TIME	45	Hours	Clock reading
TINE	20	Fork prong	Antler point
TING	10	Bell sound	Ping
TINS	30	Cans	Metal boxes
TINT	35	Shade	Hue
TINY	50	Wee	Minuscule
TIPS	42	Hints	Gratuities
TIRE	42	Wheel cover	Weary
TITS	0
TOAD	45	Warty amphibian	Frog relative
TOED	20	Kicked lightly	Followed, as the line
TOES	42	Little piggies	Foot digits
TOFU	60	Soy product	Bean curd
TOGA	50	Roman robe	Frat party garb
TOGS	20	Clothes	Duds
TOIL	35	Labor	Work hard
TOKE	0
TOLD	35	Narrated	Informed
TOLL	35	Highway fee	Bridge fee
TOMB	30	Crypt	Mausoleum
TOME	35	Big book	Hefty volume
TOMS	30	Tomcats	Turkey males
TONE	42	Attitude	Pitch	Firm up
TONG	10	Grab with pincers	Chinese secret society
TONS	35	Lots	Oodles
TONY	42	Broadway award	Posh
TOOK	30	Grabbed	Seized
TOOL	42	Hammer or saw	Implement
TOOT	42	Horn sound	Honk
TOPS	40	Best	Peaks	Shirts
TORE	30	Ripped	Rushed
TORN	35	Ripped	Undecided
TORS	10	Rocky peaks	Craggy hills
TORT	20	Civil wrong	Lawsuit basis
TOSS	42	Throw	Flip
TOTE	42	Carry	Canvas bag
TOTS	42	Little ones	Tater ___
TOUR	50	Trip	Band's road trip
TOUT	35	Promote	Hype
TOWN	45	Village	Burg
TOWS	30	Pulls	Hauls
TOYS	52	Playthings	Lego bricks, e.g.
TRAM	35	Streetcar	Trolley
TRAP	42	Snare	Pitfall
TRAY	42	Serving platter	Ice cube ___
