BOXY	46	Square-shaped	Like a cube on wheels?
GOBY	15	Small bottom-dwelling fish
HUGO	50	Author Victor of "Les Miserables"	Sci-fi award named for Gernsback
JOEY	52	Baby kangaroo	Pouch occupant
PACY	10	Fast-moving, in British usage
PRAG	8	Czech capital, in German
SHAW	45	Playwright George Bernard ___	"Pygmalion" playwright	Bandleader Artie
SWIZ	3	Swindle, in British slang
ZENO	30	Greek philosopher of paradoxes	___ of Elea
BHAJI	15	Onion ___ (Indian fritter)
BONGS	0
BOOZY	25	Heavy on the alcohol	Like a mimosa brunch, maybe
BUSKS	28	Performs on the street for tips
DIVOT	48	Golfer's chunk of turf	Clump a polite golfer replaces
DOLOR	15	Sorrow, poetically
DONGS	0
DUPLE	15	Like two-beat musical time
FUTON	58	Convertible couch	Dorm-room bed
GABUN	4	Gabon, alternatively
GETGO	48	Very beginning, informally	From the ___
GLUEY	32	Sticky, like paste
GUTSY	55	Brave and bold	Daring
JEREZ	12	Spanish sherry city
KHMER	32	Cambodian language	___ Rouge
KINES	5	Cows, archaically
LAVED	10	Washed, poetically
LIMEY	0
MAMBA	44	Deadly African snake	Black ___
MINSK	46	Capital of Belarus	City on the Svislach River
PAPPY	28	Pa, folksily	Grandpa, down South
PILAF	56	Seasoned rice dish	Rice side at a Greek diner
PINNY	10	Apron, in Britain
PONGS	8	Bad smells, in Britain
POUFS	28	Ottomans	Puffy cushions
RIPUP	40	Tear to shreds	Shred, as a contract
SHIER	28	More bashful	Less outgoing
SOPPY	22	Mushy, sentimental	Soaking wet
SPRUE	10	Channel in a casting mold
SUOMI	18	Finland, to Finns
TAJIK	28	Native of Dushanbe	Central Asian ethnic group
TALUS	28	Ankle bone	Rock debris at a cliff's base
TANGY	58	Zesty	Pleasantly sharp, like lemonade
TIPUP	22	Folding upward, as a theater seat
VETCH	15	Climbing legume
WADIS	18	Desert stream beds
WALED	12	Ribbed, as corduroy
WASHY	12	Watery and weak
WENDS	40	___ one's way	Meanders
WILES	46	Crafty tricks	Cunning schemes
YOGIC	28	Like some breathing exercises	Of a mat-based discipline
ADDUCE	20	Cite as evidence
AFGHAN	50	Crocheted blanket	Kabul native
ALLOUT	52	Total, as war	Full-throttle
ASSIZE	8	Old English court session
AUDIOS	22	Recordings without video
BAGFUL	33	Sackful
BAGGED	45	Packed, as groceries	Snagged
BATTEN	38	___ down the hatches	Thin wooden strip
BEAUTS	33	Real lookers	Humdingers
BEGETS	38	Produces	Gives rise to
BEGGED	45	Pleaded	Asked for a treat, as a dog
BEHEAD	0
BELTUP	20	Shut up, in British slang	Buckle in, in Britain
BEMUSE	42	Puzzle	Bewilder
BENUMB	22	Deaden
BESTOW	55	Confer	Grant, as an honor
BETAKE	12	Go (oneself), archaically
BEVIES	28	Large groups	Flocks of quail
BIDING	38	___ one's time	Waiting patiently
BLARES	44	Blasts loudly	Sounds like a car horn
BLOUSE	58	Button-up top	Peasant ___
BLUISH	42	Somewhat azure
BOATED	33	Went out on the lake
BOBBIN	46	Thread spool	Sewing machine part
BOCCIE	18	Lawn bowling game, variantly
BODILY	44	Physical	Corporeal
BONOBO	44	Great ape	Chimp cousin
BOWMEN	33	Archers
BREADS	44	Rye and sourdough	Bakery offerings
BREAMS	14	Freshwater fish
BRIERS	24	Thorny bushes
BROACH	40	Bring up, as a topic	Raise for discussion
BROOMS	50	Sweeping tools	Witches' rides
BUSIER	42	More occupied
BUTTED	33	Rammed with the head, as a goat	Adjoined
BYLINE	50	Writer's credit line	Reporter's name on a story
CAFTAN	40	Loose robe	Flowing tunic
CAMBER	24	Road's slight curve
CAMPED	44	Pitched a tent	Roughed it outdoors
CAPOFF	12	Finish off
CAPPED	42	Limited	Topped
CARREL	22	Library study nook
CASHEW	58	Kidney-shaped nut	Nut in a stir-fry
CERIUM	16	Element in lighter flints
CHAFFS	18	Teases good-naturedly
CHICHI	33	Pretentiously trendy	Showily stylish
CHOPPY	50	Rough, as seas	Disjointed, as editing
CHUKKA	18	Polo period	___ boot
CITRON	28	Candied-peel fruit
CLAQUE	14	Hired applauders
CLOUTS	33	Wallops	Whacks
COMETO	40	Regain consciousness	Total, as a bill
COVEYS	24	Groups of partridges
COWMAN	14	Cattle rancher
COWPAT	0
COWPIE	0
CRAVEN	38	Cowardly	Spineless
CREELS	24	Anglers' baskets
CRONES	14	Witchy old women
CROWED	42	Bragged	Greeted the dawn, as a rooster
CURDLE	44	Go sour, as milk	Clot
CURIOS	40	Knickknacks	Odd collectibles
CUSSED	33	Swore
CYMBAL	52	Drummer's crash plate	Percussion disc
DADOES	8	Lower wall panels
DAGGER	44	Short knife	Footnote symbol
DANDER	38	Get one's ___ up	Pet allergen source
DAPPER	55	Smartly dressed	Spiffy
DARNER	18	Sock mender
DEAFEN	36	Make unable to hear
DEFIES	44	Resists boldly	Disobeys
DEJECT	22	Dispirit
DEMONS	33	Evil spirits	Inner ___
DICING	38	Cubing, as onions
DOGIES	14	Stray calves
DOGLEG	38	Bent golf hole	Sharp bend
DOPIER	24	Sillier
DOWSER	18	Water witch
DREDGE	40	Scoop from a riverbed	___ up (unearth)
DRENCH	44	Soak	Saturate
DRILLS	48	Practice exercises	Bores holes
DROOLS	38	Slobbers	Salivates
DROPIN	47	Visit unannounced	Pop over
DUPLEX	50	Two-family house
DYADIC	12	Of a pair
EDGILY	24	Nervously
EVICTS	40	Kicks out	Forces out, as a tenant
EXTORT	40	Squeeze money from
FAILLE	10	Ribbed silk fabric
FANBOY	38	Superfan, informally
FASTED	44	Skipped meals
FELTED	24	Matted together
FESSES	18	Owns (up), informally
FEUDAL	44	Like lords and serfs	Medieval system adjective
FIBRIL	14	Tiny thread
FIBULA	40	Leg bone	Calf bone
FIDGET	55	Squirm	___ spinner
FLAILS	40	Thrashes about
FLIEST	3	Most stylish, in slang
FLUMES	30	Water slides	Log ride chutes
FLUTED	33	Grooved, as a column
FOOTUP	5	Total, as a column
FORTES	33	Strong points	Specialties
GAGLAW	5	Censorship rule
GAMBIA	38	The ___ (West African nation)
GAMBLE	55	Take a chance	Bet
GAVELS	40	Judges' hammers
GAWKED	40	Stared rudely	Gaped
GENTRY	42	Landed upper class
GOOIER	28	Stickier
GOWNED	24	Dressed formally
GRIMES	22	Dirties
GRINGO	0
GROVEL	44	Beg humbly	Kowtow
GUIANA	24	French ___
GUNMAN	0
GUTTED	24	Cleaned, as a fish	Devastated, in Britain
HAIRDO	55	Coiffure	Bouffant, e.g.
HALLOW	33	Sanctify
HATBOX	38	Milliner's container
HELVES	8	Ax handles
HIPPIE	50	Flower child	Woodstock attendee
HIVEUP	3	Store up, as for later
HOMEYS	24	Pals, in slang
HOOTED	38	Made owl sounds	Honked
HOSING	22	Spraying with water
HYDRUS	5	Southern constellation
HYENAS	48	Laughing animals	Savanna scavengers
IDLING	40	Running in neutral
IMPUGN	30	Call into question
JAPANS	3	Coats with lacquer
JESUIT	33	Loyola priest	Member of Ignatius's order
JIGSAW	55	Puzzle with pieces	Scroll saw
JUICED	30	Squeezed, as oranges
KITOUT	14	Equip, in Britain
KITSCH	44	Tacky art	Lawn flamingo, e.g.
KLOTHO	5	One of the Greek Fates
LAGOON	58	Atoll's pool	Shallow coastal water
LAVING	10	Washing, poetically
LEAKED	40	Dripped	Spilled to the press
LEAVER	14	One who departs
LIMPED	38	Walked with a hitch
LOUCHE	24	Seedy but charming
LUBING	14	Oiling, informally
LUCKED	28	Got fortunate, with "out"
LUFFED	10	Sailed into the wind
MAKEDO	38	Get by with what's available	Improvise
MANCHU	28	Last Chinese dynasty
MASHED	44	___ potatoes	Crushed
MASHUP	45	Blend of two songs	Genre-blending remix
MEEKER	35	More docile	Less assertive
MEEKLY	40	Timidly	Without protest
MEMOIR	58	Life story	Autobiographical book
MIDRIB	10	Leaf's central vein
MIKADO	28	Gilbert and Sullivan's "The ___"
MILLET	30	Birdseed grain	"The Gleaners" painter
MINION	46	Lackey	Yellow cartoon henchman
MISSUS	30	The wife, informally
MODCON	12	Modern convenience, for short
MOJAVE	45	California desert	___ Desert
MUSING	44	Pondering	Daydreaming
MUUMUU	40	Loose Hawaiian dress
NABOBS	22	Bigwigs	Wealthy VIPs
NEOCON	38	Hawkish conservative, for short	Political hawk, informally
NIMROD	10	Biblical hunter
NOBLER	38	More honorable	More dignified
NOOSES	10	Lasso loops
NUBBIN	20	Small stub
NUTRIA	24	Beaverlike rodent
OARING	24	Rowing
OUSTED	42	Removed from office	Kicked out
OUTDID	45	Surpassed	Topped
OUTLAY	45	Expenditure	Spending
PADRES	40	Military chaplains	San Diego ballplayers
PALELY	15	Wanly
PALING	28	Fence picket	Blanching
PALTRY	50	Measly	Meager
PEGGED	40	Identified	Fixed, as a price
PELMET	10	Curtain valance, in Britain
PHONIC	24	Of speech sounds
PILAFS	35	Rice dishes
PILFER	45	Swipe	Filch
PILOTS	48	Flies	Test episodes of TV shows
PIMPLY	15	Like a teen's chin, maybe
PIVOTS	45	Swivels	Changes direction
PLOWED	40	Tilled	Cleared, as a snowy road
POKERS	40	Fireplace tools
PRATED	14	Babbled
PREMIX	24	Ready-made blend
PSYCHO	0
PUTRID	20	Rotten
RACKUP	35	Accumulate	Score, as points
RAFTED	28	Floated downriver
RAPPED	40	Knocked	Performed hip-hop
RAWEST	30	Least cooked
REDRAW	38	Sketch again	Revise, as a map
RESIZE	38	Shrink or enlarge, as a photo
REVELS	40	Merrymakings	Delights (in)
RICING	24	Pressing, as potatoes
RIPPER	0
ROBBER	45	Bank heister	Bandit
RUBBLE	48	Debris	Barney of Bedrock
RUNNER	52	Marathoner	Long rug for a hall
RUNWAY	55	Catwalk	Airstrip
SAHIBS	12	Sirs, in colonial India
SAWFLY	10	Wasp-like insect
SAWYER	35	Tom of Twain fiction	Lumber cutter
SCHEMA	24	Outline	Diagrammatic plan
SCHISM	40	Split	Church rift
SCHIST	18	Layered rock
SCOFFS	40	Jeers	Mocks
SCOOPS	48	Exclusives	Ice cream servings
SETUPS	38	Arrangements	Frame-ups
SHEWED	8	Showed, archaically
SHIEST	22	Most bashful
SHUCKS	45	"Aw, ___!"	Husks, as corn
SHUTUP	35	Closed for the night	Kept indoors
SICKED	24	Set (the dogs) on
SIPPER	24	Slow drinker
SIRING	24	Fathering
SKEWED	40	Slanted	Biased
SLAYER	15	Dragon ___
SLUDGE	35	Muck	Gooey residue
SLUSHY	48	Like melting snow	Frozen drink
SNAPPY	50	Quick	"Make it ___!"
SOCKED	33	Punched
SOVIET	40	___ Union	Cold War-era council
SPARKS	52	Ignites	Bits from a campfire
SPATHE	8	Bract enclosing a flower spike
SPLAYS	28	Spreads out
SQUISH	45	Squash	Mushy sound
STAVED	24	___ off (prevented)
STREWS	30	Scatters
SUBORN	10	Induce to commit perjury
SUCKED	18	Drew through a straw
TASKED	35	Assigned
THRICE	40	Three times
THWART	55	Foil	Stymie
TILTED	42	Leaned	Askew
TINCAN	40	Soup container
TOMBOY	45	Girl who climbs trees
TRIKES	40	Tots' three-wheelers
TUQUES	15	Canadian knit caps
UNBEND	22	Relax
UNDIES	30	Skivvies
UNMAKE	20	Undo
UNMANS	5	Unnerves
UNWRAP	50	Open, as a gift
VALOIS	5	French royal house
VELLUM	24	Fine parchment
VENETO	10	Italian region around Venice
VENIAL	24	Pardonable, as a sin
VETOED	45	Rejected	Nixed
VETOES	44	Rejections	Nixes
VICING	3	Gripping in a clamp
VIRAGO	5	Domineering woman
VISCUS	5	Internal organ
VOLLEY	55	Tennis shot	Barrage
WAITER	55	Server	Diner employee
WALNUT	58	Wrinkly nut	Dark wood
WARDED	30	___ off (repelled)
WAVERS	42	Hesitates
WEENIE	20	Hot dog
WENDED	35	Made (one's way)
WHELKS	18	Edible sea snails
WHITEN	42	Bleach, as teeth
YAHOOS	20	Boors
ABATING	38	Subsiding
ABORTED	10	Called off, as a mission
ABYSSES	30	Chasms
ACCEDED	30	Agreed	Gave in
ACCUSED	40	Charged	Defendant
ACRONYM	60	NASA or SCUBA, e.g.	Word formed from initials
ADDICTS	8	Devotees, like crossword fans
ADOPTER	40	One taking in a shelter pet
ALCOHOL	38	Rubbing ___	Hand sanitizer ingredient
ALIBABA	40	"Open sesame" sayer	Tale hero who outwits 40 thieves
AMBROSE	24	Saint ___	Bierce of "The Devil's Dictionary"
AMERCES	5	Fines, old-style
ANODIZE	24	Coat electrolytically, as aluminum
ANTONYM	58	Opposite word	Hot, to cold
APPAREL	50	Clothing	Attire
APPLIES	48	Puts on, as lotion	Seeks a job, say
APPOSED	5	Placed side by side
ARMADAS	38	War fleets
ASCENDS	45	Climbs
ASPIRES	45	Aims high	Hopes (to)
ATTACHE	40	___ case	Embassy staffer
ATTACKS	40	Assaults	Charges
AWARDED	48	Granted	Gave a prize to
BACKEND	40	Server side of software	Rear
BALDIES	5	Hairless folks, informally
BANDAGE	55	Wound dressing	Gauze wrap
BANSHEE	50	Wailing spirit
BANZAIS	10	Japanese cheers
BARBERS	45	Hair cutters	Shaving pros
BATTLES	45	Fights	Contests
BATWING	24	___ sleeve
BEADIER	20	More beadlike, as eyes
BEATNIK	48	Bongo-playing poet of the '50s
BEGUILE	45	Charm	Enchant
BELARUS	42	Minsk's country
BELLIES	30	Tummies
BEMIRED	5	Muddied
BENDIER	24	More flexible
BESEECH	40	Implore
BESPOKE	40	Custom-tailored
BETARAY	10	Radioactive particle stream
BIGGEST	45	Largest
BITTERS	35	Cocktail ingredient
BITUMEN	20	Asphalt
BLINDER	18	Horse's eye shield
BONDMEN	3	Serfs of old
BOULDER	55	Large rock	Colorado university city
BRAISED	48	Slow-cooked, as short ribs
BRONCOS	50	Wild horses	Denver team
BUNCHUP	20	Gather in folds
BUOYANT	50	Floating	Upbeat
BURNERS	42	Stovetop parts
BURNING	40	Ablaze
BUSTLED	40	Hurried about
CABBING	20	Taking taxis
CADDOAN	3	Plains language family
CAISSON	20	Ammunition wagon	Underwater work chamber
CALMAIR	3	Windless conditions
CAMBRIC	10	Fine linen
CANCANS	30	High-kicking dances
CANTONS	30	Swiss states
CAPTURE	55	Seize	Photograph, say
CARDIAC	40	Of the heart
CAROMED	30	Bounced off
CARPETS	45	Floor coverings
CASHIER	50	Checkout worker	Teller
CASINGS	30	Sausage skins
CATERED	48	Served food at, as a party	Pandered (to)
CATTELL	3	Psychologist James McKeen ___
CATTERY	15	Feline boarding house
CAVORTS	40	Frolics
CHEATER	38	Card shark	Two-timer
CHOMPED	42	Bit down loudly
CHOROID	5	Eye membrane
CINDERS	40	Ashes	Bits from the fireplace
CLANGOR	20	Loud ringing
CLARION	30	___ call
CLEAVES	30	Splits	Clings (to)
CLINTON	45	42nd president	Hillary or Bill
CLOTHED	45	Dressed	Garbed
CLOTTED	40	___ cream	Thickened
CLUNKER	45	Old jalopy	Beater car
COACHED	46	Trained	Mentored
COBBLED	38	Pieced (together) hastily	Paved with stones
CODICES	15	Ancient manuscripts
COLLARS	46	Shirt parts	Dog tag holders
COLTISH	22	Frisky and playful
CONCEIT	42	Vanity	Extended metaphor
COPIERS	45	Office machines
CORBELS	8	Wall brackets
COSIGNS	35	Guarantees, as a loan
CRASHES	45	Computer failures	Collides
CRAWLIN	3	Get into bed, slangily
CREAMED	35	Trounced, informally	Beat with sugar, as butter
CRIMPED	38	Pinched	Wavy, as hair
CRISPER	45	Fridge drawer for veggies	More crunchy
CROSSER	25	Angrier
CURFEWS	42	Teens' deadlines
CURRANT	45	Small dried fruit	Scone fruit
DALLIER	10	Dawdler
DAMAGES	45	Harms	Court award
DAMSELS	30	___ in distress
DAPPLED	40	Spotted, as a horse
DAYCARE	52	Kids' center	Preschool option
DEADPAN	52	Expressionless	Like dry humor
DEAFEST	10	Least able to hear
DECEIVE	45	Mislead	Fool
DEEMING	35	Judging
DEFINED	45	Explained the meaning of	Toned, as muscles
DEICERS	30	Windshield sprays
DEIFIED	30	Worshipped as a god
DEMEANS	35	Belittles
DEPOSED	40	Ousted	Removed from the throne
DERIDED	35	Mocked
DERIVES	42	Obtains (from)
DESERVE	52	Merit	Earn
DESKTOP	52	Computer screen background	Office PC
DILLIES	10	Remarkable things, in old slang
DISSENT	45	Disagreement	Minority court opinion
DISSING	25	Insulting, slangily
DIVERGE	42	Split off	Branch apart
DOCTORS	50	Physicians	Tampers with, as evidence
DOGTROT	15	Easy jog
DOLTISH	12	Dimwitted
DREADED	42	Feared
DROLLER	20	Wittier
EARMARK	40	Set aside, as funds
EARNING	42	Making money
EFFORTS	45	Attempts
ELIDING	15	Omitting, as a syllable
EMPIRES	45	Roman and Ottoman, e.g.
EMPRESS	48	Catherine the Great, e.g.	Royal woman
ENDEMIC	35	Native to a region
ENDOWED	40	Gifted	Funded, as a chair
ENIGMAS	42	Mysteries	Riddles
ERMINES	20	Stoats in winter
ESCORTS	42	Accompanies	Prom dates
ETCHERS	25	Engravers
EUGENIC	0
EXACTED	30	Demanded, as revenge
EXISTED	40	Was
EXTENTS	38	Scopes	Degrees
FATTENS	35	Plumps up
FATUOUS	30	Silly
FEATHER	58	Plume	Quill
FEDORAS	45	Indiana Jones hats
FEELERS	40	Antennae	Tentative inquiries
FERMENT	40	Turn into wine, say	Unrest
FETUSES	8	Unborn babies
FINANCE	50	Fund	Money management
FIREBUG	25	Arsonist
FITNESS	55	Gym goal	Physical shape
FLOODED	42	Overflowed	Swamped
FLOORED	45	Stunned	Astonished
FLUTTER	50	Flap	Quiver
FODDERS	15	Livestock feeds
FOOLISH	50	Silly	Unwise
FORBEAR	25	Refrain
FORMOSA	22	Taiwan, once
FRAMEIN	3	Enclose with a border
FRETSAW	15	Jigsaw-like tool
FRIABLE	15	Crumbly
FRINGED	40	Tasseled
FRISIAN	10	Dutch dairy breed
FRUITED	25	Above the ___ plain
GARBAGE	50	Trash	Nonsense
GARDENS	52	Flower plots
GENDERS	30	Grammar categories
GENTLER	42	Softer
GIGABIT	28	Data unit
GRAPHIC	50	Vivid	Chart or image
GRAYEST	30	Most overcast
GREMLIN	52	Mischievous gadget saboteur
GRIEVER	15	Mourner
GROOMED	45	Well-kept	Brushed, as a horse
GROSSES	35	Earns at the box office
GUMBOIL	0
HARDLYA	5	"___ day goes by..."
HARPIES	15	Mythical winged monsters
HEIRESS	45	Inheritor of a fortune
HENNAED	15	Dyed reddish
HERSHEY	45	Kiss maker	Pennsylvania chocolate town
HINDERS	40	Impedes
HINTING	40	Suggesting
HITITUP	3	Strike up a conversation
HOLDING	40	Grasping	Football penalty
HORSING	25	___ around
HUMPING	0
HURDLER	38	Track athlete
HYDRATE	45	Drink water	Moisturize
IBERIAN	30	Spanish or Portuguese
IGUANAS	45	Large lizards
INDENTS	35	Paragraph starts
INDOORS	50	Inside
INTRUTH	15	Actually
INVITED	45	Asked over
IRANIAN	30	Tehran native
ISOBARS	20	Weather map lines
JANITOR	45	Custodian
KASHMIR	35	Disputed Himalayan region	Led Zeppelin song
KILLERS	0
KRISHNA	30	Hindu deity
LABIALS	10	Lip consonants
LATCHES	40	Gate catches
LEGALLY	45	By law
LEGUMES	40	Beans and peas
LIGATES	5	Ties off, surgically
LIMBERS	20	Loosens up
LIPREAD	25	Understand speech visually
LISTING	40	Real estate ad	Leaning, as a ship
LITTERS	40	Strews trash	Puppies born together
LODGEIN	3	Get stuck within
LOOKOUT	50	Sentry	On the ___
LOOSENS	42	Unties
LULLING	30	Soothing
LUSTFUL	0
MADNESS	40	Insanity	March ___
MAXIMAL	30	Greatest possible
MEANING	52	Definition	Significance
MEATIER	30	More substantial
MELANIN	35	Skin pigment
MENACES	40	Threatens
MICROBE	45	Germ
MIRIEST	3	Muddiest
MISDEAL	30	Poker gaffe
MISUSES	38	Abuses	Wrong applications
MODULUS	15	Math absolute value
MOLDERS	25	Decays
MORGUES	0
MOTIONS	42	Gestures	Proposals at a meeting
MUGBOOK	5	Police photo album
MUTTERS	45	Mumbles	Grumbles
MYRTLES	25	Evergreen shrubs
NASCENT	35	Emerging
NATIVES	45	Locals
NEUTRON	45	Atomic particle	___ star
NEWNESS	30	Freshness
NUCLEUS	50	Cell center	Core
NURSERY	52	Baby's room	Plant shop
OFFENSE	45	Team with the ball	Umbrage
OILSKIN	25	Waterproof fabric
ONEHALF	30	Fifty percent
OPENING	52	Gap	Premiere
OPINING	30	Giving one's view
ORBITER	35	Spacecraft circling a planet
OUTAGES	40	Power failures
OUTCAST	40	Pariah
OUTWORE	10	Outlasted
OUTWORN	22	Outdated
OVERATE	40	Had seconds and thirds
OVERAWE	15	Intimidate
OVERRUN	40	Swarmed	Infested
OVULATE	0
PAGODAS	40	Asian temples
PAINTED	45	Brushed	___ Desert
PALLETS	38	Forklift platforms
PAPERER	10	Wall coverer
PARBOIL	30	Partly cook
PEDDLES	35	Hawks
PENALTY	50	Foul consequence	___ box
PEOPLES	38	Nations
PEPTIDE	20	Amino acid chain
PIERCED	40	Punctured
PLAINER	38	More obvious	Less fancy
PLAYERS	45	Team members	Gamers
PONDERS	45	Mulls over
PONTOON	45	___ boat	Floating dock
POOPING	0
POSTURE	50	Stance	Bearing
POTHOOK	5	Hearth hook
POTTIER	3	Dottier
PRAISES	45	Lauds
PRANCES	42	Struts
PRAKRIT	3	Old Indic vernacular
PRIAPIC	0
PROFILE	50	Side view	Dating app bio
PROFITS	45	Earnings
PROLIFE	0
PRORATA	15	Proportionally
PRUDISH	35	Overly proper	Prim
PUMPERS	5	Water-moving machines
PUMPKIN	65	Jack-o'-lantern	Fall pie filling
RAILOFF	3	Fence off
RAINOUT	40	Game canceled by weather
RANGEIN	3	Zero in on a target
RATRACE	40	Daily grind	Corporate hustle
RAVINGS	25	Wild talk
READOUT	35	Instrument display
REARING	38	Raising, as kids	Rising on hind legs
REBATES	42	Partial refunds
REBOOTS	45	Restarts	Franchise relaunches
RECEDED	38	Ebbed	Pulled back
RECRUIT	52	Enlistee	Sign up
REDFIRE	3	Pyrotechnic flare color
REENACT	42	Stage again, as a battle
REIGNED	40	Ruled
RELAPSE	35	Setback in recovery	Backslide
RESERVE	50	Book ahead	Backup supply
RESIZED	35	Cropped or scaled
RESOUND	38	Echo
RETAILS	35	Sells for
RETYPED	30	Keyed in again
REVALUE	25	Reappraise
REVELRY	45	Merrymaking
REVENGE	40	Payback
REVERIE	45	Daydream
RHENIUM	10	Element 75
ROCKING	45	___ chair	Swaying
ROOTING	40	Cheering (for)
ROUNDEL	8	Circular emblem
ROUNDUP	48	Cattle drive event	News summary
RUNOVER	25	Exceed the time limit
SAMPLES	45	Free tastes	Tries
SCABIES	0
SCALING	38	Climbing, as a wall
SCRUNCH	45	Crumple	Crinkle
SEAWALL	38	Coastal barrier
SELVAGE	8	Fabric edge
SENSING	38	Detecting
SHELLER	10	Pea podder
SHERIFF	55	Lawman with a badge	Deputy's boss
SHINDIG	50	Lively party	Hoedown
SHRIEKS	42	Screams
SHUNNED	38	Avoided
SIGNING	40	Book event	Autographing
SILKIER	30	Smoother
SILTING	15	Clogging with sediment
SIMIANS	25	Apes and monkeys
SIMPLER	42	Easier
SITDOWN	40	___ dinner	Take a seat
SKILLET	55	Frying pan	Cast-iron cookware
SLASHES	30	Cuts, as prices
SLEUTHS	45	Detectives
SLIDERS	42	Mini burgers
SLOVENS	10	Slobs
SMELTER	25	Ore refinery
SNEAKER	52	Running shoe	Kick
SNOWIER	35	More wintry
SOCIALS	35	Ice cream ___	Mixers
SOLACED	30	Comforted
SPENDER	35	Big ___ (lavish one)
SPIGOTS	38	Faucets
SPONSOR	50	Backer	Underwrite
SPRAINS	38	Ankle injuries
SQUIRTS	40	Spritzes
STABLED	28	Housed, as horses
STANDER	3	One who stays upright
STAYERS	10	Ones who remain
STEAMER	35	Soft-shell clam	Paddle-wheel boat
STERNUM	38	Breastbone
STOICAL	30	Impassive
STOPPLE	10	Plug
STRIVEN	25	Tried hard
STUDIOS	45	Art workrooms	Small apartments
SUCKERS	15	Lollipops, informally
SULFATE	25	Chemical salt
SWAHILI	42	East African language
TALLIES	42	Counts
TANGIER	35	Zestier	Moroccan port
TANGOED	30	Danced in a sultry way, as two might
TATTLED	38	Told on
TERRIFY	45	Scare
THESEUS	30	Minotaur slayer
THREADS	45	Sewing supplies	Clothes, slangily
THRIVES	45	Flourishes
THUSFAR	30	To date	Until now
THYMINE	15	DNA base
TICKLER	15	Reminder file
TINGLED	40	Prickled
TINKLES	20	Chimes lightly
TODDIES	30	Hot drinks
TOOLKIT	50	Handy set
TOTEMIC	15	Like carved emblem poles
TOUGHER	42	Hardier
TOURIST	52	Sightseer
TRAPPER	38	Fur hunter
TRIMMER	38	Hedge clipper
TUESDAY	52	Taco day	Day after Monday
TUMBLES	40	Falls
TWIDDLE	42	___ one's thumbs
TWINGED	15	Ached suddenly
TYMPANI	30	Kettle drums
UGLIEST	35	Least attractive
UNBINDS	30	Unties
UNCLEAR	45	Fuzzy	Vague
UNCOILS	35	Unwinds
UNDRESS	30	Disrobe
UNIFIED	42	Joined
UNIFIES	40	Joins
UNPICKS	15	Removes stitches from
UPDATER	15	Software patcher
UPRIGHT	50	Vertical	___ piano
UPROOTS	40	Pulls out, as weeds
URANIUM	42	Reactor fuel
VALUERS	8	Appraisers
VANUATU	20	Pacific island nation
VARIETY	55	Spice of life	Assortment
VERGERS	8	Church attendants
VINEGAR	52	Salad dressing ingredient
VIOLATE	35	Break, as a rule
VISCERA	15	Innards
WAITERS	48	Servers
WAPITIS	10	Elks
WAVELET	25	Ripple
WEARIES	30	Tires
WEDDING	60	Nuptials	Altar event
WEEPERS	20	Criers
WEEVILS	30	Grain beetles
WEIRDOS	15	Oddballs
WELDING	38	Joining metals
WELFARE	38	Well-being
WHEREBY	30	By which
WHEREIN	25	In which
WIDENED	38	Broadened
WIDOWED	10	Bereaved of a spouse
WIGGLES	45	Squirms
WINGING	30	___ it (improvising)
WORSTED	25	Wool fabric
WRITHED	30	Squirmed
YANKING	38	Tugging
YEREVAN	22	Armenian capital
ZODIACS	35	Horoscope wheels
ACCOUNTS	45	Bank holdings	Reports
AIRLINER	50	Jumbo jet
ALLERGEN	40	Pollen, e.g.
ALVEOLAR	10	Of the tooth ridge, as consonants
AMBITION	55	Drive	Aspiration
ANAPESTS	12	Metrical feet
ANDROGEN	15	Male hormone
ANOINTED	40	Oiled ceremonially	Chosen
ANTENNAS	45	TV aerials
ANTIHERO	48	Flawed protagonist
ARCHAISM	22	Outdated word
ARGUMENT	52	Dispute	Debate point
AUSTERER	10	More severe
AVIARIES	35	Bird enclosures
BEDSTEAD	25	Bed frame
BELLHOPS	48	Hotel porters
BESEEMED	5	Befitted
BLINDGUT	3	Cecum, informally
BRACEROS	5	Migrant farmworkers of the 1940s
BRIDLEUP	3	Bristle with anger
BUCOLICS	10	Pastoral poems
CARESSED	35	Stroked lovingly
CAROUSEL	60	Merry-go-round	Baggage claim belt
CHORUSES	42	Refrains
CHRISTEN	42	Name, as a ship
COMEDIES	48	Sitcoms, e.g.
CONCEPTS	45	Ideas
CONCERTO	50	Piece for soloist and orchestra
CONTORTS	38	Twists
CORTEGES	8	Processions
DANSEUSE	10	Ballerina
DECEIVER	30	Trickster
DECORATE	55	Trim, as a tree
DIABETES	8	Blood sugar disorder
DIASTOLE	15	Heart's resting phase
DILEMMAS	48	Quandaries
DOSSIERS	40	Files
DRAINING	40	Exhausting
ELECTION	55	Voting day
ENCLOSES	40	Surrounds	Includes with a letter
ENFILADE	8	Line of gunfire
ENLARGER	22	Darkroom device
ENROLLEE	25	Registrant
ENTITIES	38	Beings
EPIGRAPH	25	Opening quotation
ESTIMATE	52	Guess	Ballpark figure
EUPHORIA	52	Bliss	Elation
EXCEEDED	42	Surpassed
EXECRATE	10	Loathe
EXEGESIS	15	Interpretation of scripture
FEELINGS	50	Emotions
FELICITY	40	Happiness
FINISHED	50	Done
FLAMENCO	58	Spanish dance
FORESEES	42	Predicts
FOURLANE	25	Like a wide highway
FREEDMEN	15	Emancipated people
FRUITION	48	Realization	Come to ___
FURROWED	42	Wrinkled, as a brow
GALLANTS	25	Dashing suitors
GENOMICS	25	DNA-mapping science
GLADDENS	35	Cheers up
GLOBULAR	30	Spherical
GRIDIRON	52	Football field
GROSBEAK	15	Thick-billed finch
GUMBOOTS	15	Rubber boots
HARASSER	5	Persistent pest
HATCHETS	38	Small axes
HESITATE	52	Waver	Pause
IMPASSES	40	Deadlocks
IMPLODES	40	Collapses inward
INHEIGHT	3	Tall, measurement-wise
ITCHIEST	30	Most scratchy
LATTICED	25	Crisscrossed
LEAFLETS	42	Flyers	Handouts
LEGGIEST	25	Most long-limbed
LIGATURE	15	Joined letters, like ae
LITERATE	48	Able to read
LOADABLE	15	Able to be filled
LOCATION	52	Spot	Site
MANATEES	50	Sea cows
MEALIEST	12	Most powdery
MEASURED	45	Gauged	Deliberate
MECHANIC	55	Car fixer	Grease monkey
MELANOMA	5	Skin cancer
MILITANT	30	Combative
MODERATE	50	Middle-of-the-road	Mild
NATURALS	40	Born talents
NEARBEER	22	Low-alcohol brew
NEARSIDE	10	Curb side, in Britain
NOBELIUM	12	Element 102
OLDSTERS	25	Seniors
ONCAMERA	35	Being filmed
ONETOONE	40	Private, as a meeting	Exactly matched
OPTIONED	35	Bought film rights to
ORIENTAL	0
OUTSHONE	42	Eclipsed	Upstaged
OVERBIDS	20	Bids too high
OVERLOAD	50	Too much	Swamp
PANORAMA	55	Wide view
PERIGEES	12	Orbit low points
PHONIEST	22	Most fake
PLAYMATE	35	Childhood friend
PORTLIER	15	Stouter
PREAMBLE	48	Introduction	"We the People" opener
PRECEDED	42	Came before
PREDICTS	42	Forecasts
PROPOSES	45	Pops the question	Suggests
PROTOCOL	48	Etiquette	Official procedure
PUREBRED	45	Pedigreed
RARITIES	38	Collector's items
RECOURSE	40	Option	Way out
REDCOATS	45	British soldiers in 1776
RELEASED	45	Freed	Put out, as an album
RENOUNCE	38	Give up
REPEATER	25	Multi-shot rifle
RESISTOR	35	Circuit component
RESOURCE	50	Asset	Natural ___
RETRACES	38	Goes back over
RETURNED	42	Came back
RETURNEE	25	One who comes back
REVERSES	40	Backs up	Setbacks
ROTTENER	10	More spoiled
SARDINES	50	Packed fish	Tinned fish
SCOURERS	20	Scrub pads
SEASCAPE	40	Ocean painting
SETAPART	45	Isolate	Distinguish
SEVERELY	42	Harshly
SHIELDED	40	Protected
SLAYINGS	0
SLUMAREA	3	Run-down district
SMALLARM	5	Handgun
SMARTENS	25	Spruces (up)
SOPRANOS	50	High singers
SPANIARD	40	Madrid native
SPECIFIC	48	Particular
SPEEDIER	38	Faster
SPITTOON	20	Cuspidor
SPOILERS	45	Plot giveaways
SPONGEUP	25	Absorb
STAIDEST	10	Most sedate
STANDERS	3	Ones on their feet
STAPLERS	45	Office supplies
STARTUPS	48	New businesses
STEEPENS	25	Becomes sharper, as a slope
STONIEST	25	Coldest, as a stare
STOOPING	35	Bending down
STRAGGLE	30	Lag behind
STRAINER	48	Colander
STRIPPED	25	Peeled, as paint
SUPERIOR	52	Lake ___	Better
SURNAMES	42	Last names
TAPEDECK	40	Cassette player
TAPEROFF	38	Gradually decrease
TEACHERS	50	Educators
TENANTED	15	Occupied
TIDEOVER	30	Sustain until later
TIMELESS	50	Classic
TIRESOME	42	Tedious
TOILSOME	15	Laborious
TONEDEAF	45	Unable to carry a tune
TORTURER	0
TOTALITY	30	Entirety
TRAVERSE	40	Cross
TRICKOUT	25	Customize flashily
TUNELESS	30	Off-key
TWOTIMER	30	Cheater in love
WAYSIDES	20	Roadsides
WHITELEG	0
ABSCISSAS	8	X-coordinates
AMORALITY	15	Lack of ethics
ANCESTRAL	45	Inherited	___ home
ANNEALING	15	Heat-treating
ARCHAISTS	3	Lovers of old styles
ARMAMENTS	35	Weapons
BAROMETER	50	Pressure gauge
BASILICAS	30	Large churches
BIPARTITE	15	Two-part
BLACKFACE	0
CARBONARC	3	Old bright lamp type
CHESTIEST	3	Most boastful
CLEOPATRA	55	Queen of the Nile
CONSIGNEE	10	Shipment recipient
CONSTANTS	40	Fixed values
DECLARING	40	Announcing
DEFERMENT	25	Postponement
DELIVERED	45	Brought
DERELICTS	10	Abandoned ships
DESPERADO	45	Outlaw	Eagles song
DROPALINE	40	Write a note	Correspond briefly
EPHEMERAL	55	Fleeting	Short-lived
EXCORIATE	30	Criticize harshly
EXTINCTED	0
FIRMAMENT	35	Heavens
FLATSOLID	0
FLATULENT	0
GETATABLE	3	Reachable
HAILSTONE	48	Icy pellet
HANDCLASP	30	Handshake
HANDSPIKE	5	Lever bar
ICENEEDLE	5	Thin frozen crystal
IMMERSION	45	Full submersion	Language-learning method
IMPEACHES	35	Charges, as an official
IMPELLERS	10	Rotor blades
INTERPLAY	42	Give-and-take
INVERSELY	35	Oppositely
IRRADIATE	20	Expose to rays
ISOLATING	38	Setting apart
ISOMETRIC	30	Like some static exercises
LIGHTENED	42	Brightened
LONGRANGE	40	Far-reaching
LOWERCASE	48	Not capitalized
MACEDONIA	35	Alexander the Great's homeland
MALLEABLE	45	Pliable
MENTORING	42	Guiding
NITRATING	5	Treating with nitric acid
OBEISANCE	20	Deference
OVEREXERT	35	Strain oneself
PACHYDERM	45	Elephant, e.g.
PANORAMIC	45	Sweeping, as a view
PANTHEISM	15	Belief that God is everything
PAPERTAPE	5	Old punched data medium
PERFECTAS	10	Racetrack bets
PLASTERER	30	Wall finisher
POLYESTER	48	Leisure suit fabric
PRESSURES	40	Stresses
PROCESSED	40	Handled	Like American cheese
RADIATION	40	Rays
RADICALLY	40	Drastically
RASTAFARI	25	Reggae-linked movement
RECREANTS	5	Cowards
RENOUNCED	38	Gave up
RETENTION	40	Keeping
SALIVATES	35	Drools
SEPARATES	40	Divides	Mix-and-match clothes
SIMULATES	40	Imitates
SMUTTIEST	0
STEELTRAP	30	Mind like a ___
SUBEDITOR	15	Copy desk worker
SWEETNESS	50	Sugary quality
TEASINGLY	30	Playfully
TELLTALES	35	Revealing signs	Tattlers
TURNSTILE	52	Subway entry gate
UNCLEANER	10	Dirtier
UNSHEATHE	25	Draw, as a sword
UNSPOILED	40	Pristine
VENGEANCE	30	Retribution
WEASELING	30	___ out of (dodging)
WRENCHING	38	Agonizing
ATRIUM	48	Heart chamber	Skylit lobby
HOYDEN	10	Boisterous girl
KNOTTY	45	Tricky to solve	Gnarled, as pine
PARALEGAL	45	Law office assistant
RELIANT	40	Dependent
